0 verbose cli /usr/local/bin/node /usr/local/bin/npm
1 info using npm@11.18.0
2 info using node@v23.11.1
3 silly config load:file:/usr/local/lib/node_modules/npm/npmrc
4 silly config load:file:/home/container/.npmrc
5 silly config load:file:/usr/local/etc/npmrc
6 verbose title npm install
7 verbose argv "install"
8 verbose logfile logs-max:10 dir:/home/container/.npm/_logs/2026-09-08T23_51_50_728Z-
9 verbose logfile /home/container/.npm/_logs/2026-09-08T23_51_50_728Z-debug-0.log
10 silly logfile done cleaning log files
11 silly packumentCache heap:1822162944 maxSize:455540736 maxEntrySize:227770368
12 silly idealTree buildDeps
13 silly fetch manifest @hapi/boom@latest
14 silly packumentCache full:https://registry.npmjs.org/@hapi%2fboom cache-miss
15 http fetch GET 200 https://registry.npmjs.org/@hapi%2fboom 223ms (cache miss)
16 silly packumentCache full:https://registry.npmjs.org/@hapi%2fboom set size:undefined disposed:false
17 silly fetch manifest baileys@github:CheirZ/bail
18 http fetch GET 200 https://registry.npmjs.org/npm 370ms
19 silly fetch manifest @napi-rs/image@~1.12.0
20 silly packumentCache full:https://registry.npmjs.org/@napi-rs%2fimage cache-miss
21 http fetch GET 200 https://registry.npmjs.org/@napi-rs%2fimage 185ms (cache miss)
22 silly packumentCache full:https://registry.npmjs.org/@napi-rs%2fimage set size:undefined disposed:false
23 silly fetch manifest audio-decode@^2.2.3
24 silly packumentCache full:https://registry.npmjs.org/audio-decode cache-miss
25 http fetch GET 200 https://registry.npmjs.org/audio-decode 63ms (cache miss)
26 silly packumentCache full:https://registry.npmjs.org/audio-decode set size:undefined disposed:false
27 silly fetch manifest better-sqlite3@^11.0.0
28 silly packumentCache full:https://registry.npmjs.org/better-sqlite3 cache-miss
29 http fetch GET 200 https://registry.npmjs.org/better-sqlite3 68ms (cache miss)
30 silly packumentCache full:https://registry.npmjs.org/better-sqlite3 set size:undefined disposed:false
31 silly fetch manifest fluent-ffmpeg@^2.1.2
32 silly packumentCache full:https://registry.npmjs.org/fluent-ffmpeg cache-miss
33 http fetch GET 200 https://registry.npmjs.org/fluent-ffmpeg 73ms (cache miss)
34 silly packumentCache full:https://registry.npmjs.org/fluent-ffmpeg set size:undefined disposed:false
35 silly fetch manifest jimp@^1.6.0
36 silly packumentCache full:https://registry.npmjs.org/jimp cache-miss
37 http fetch GET 200 https://registry.npmjs.org/jimp 125ms (cache miss)
38 silly packumentCache full:https://registry.npmjs.org/jimp set size:undefined disposed:false
39 silly fetch manifest link-preview-js@^3.0.0
40 silly packumentCache full:https://registry.npmjs.org/link-preview-js cache-miss
41 http fetch GET 200 https://registry.npmjs.org/link-preview-js 126ms (cache miss)
42 silly packumentCache full:https://registry.npmjs.org/link-preview-js set size:undefined disposed:false
43 silly fetch manifest sharp@*
44 silly packumentCache full:https://registry.npmjs.org/sharp cache-miss
45 http fetch GET 200 https://registry.npmjs.org/sharp 94ms (cache miss)
46 silly packumentCache full:https://registry.npmjs.org/sharp set size:undefined disposed:false
47 silly fetch manifest yargs@^18.0.0
48 silly packumentCache full:https://registry.npmjs.org/yargs cache-miss
49 http fetch GET 200 https://registry.npmjs.org/yargs 90ms (cache miss)
50 silly packumentCache full:https://registry.npmjs.org/yargs set size:undefined disposed:false
51 silly fetch manifest axios@^1.16.1
52 silly packumentCache full:https://registry.npmjs.org/axios cache-miss
53 http fetch GET 200 https://registry.npmjs.org/axios 83ms (cache miss)
54 silly packumentCache full:https://registry.npmjs.org/axios set size:undefined disposed:false
55 silly fetch manifest chalk@^4.1.2
56 silly packumentCache full:https://registry.npmjs.org/chalk cache-miss
57 http fetch GET 200 https://registry.npmjs.org/chalk 84ms (cache miss)
58 silly packumentCache full:https://registry.npmjs.org/chalk set size:undefined disposed:false
59 silly fetch manifest http@latest
60 silly packumentCache full:https://registry.npmjs.org/http cache-miss
61 http fetch GET 200 https://registry.npmjs.org/http 50ms (cache miss)
62 silly packumentCache full:https://registry.npmjs.org/http set size:undefined disposed:false
63 silly fetch manifest form-data@^4.0.0
64 silly packumentCache full:https://registry.npmjs.org/form-data cache-miss
65 http fetch GET 200 https://registry.npmjs.org/form-data 68ms (cache miss)
66 silly packumentCache full:https://registry.npmjs.org/form-data set size:undefined disposed:false
67 silly fetch manifest gradient-string@^2.0.2
68 silly packumentCache full:https://registry.npmjs.org/gradient-string cache-miss
69 http fetch GET 200 https://registry.npmjs.org/gradient-string 58ms (cache miss)
70 silly packumentCache full:https://registry.npmjs.org/gradient-string set size:undefined disposed:false
71 silly fetch manifest human-readable@^0.2.1
72 silly packumentCache full:https://registry.npmjs.org/human-readable cache-miss
73 http fetch GET 200 https://registry.npmjs.org/human-readable 59ms (cache miss)
74 silly packumentCache full:https://registry.npmjs.org/human-readable set size:undefined disposed:false
75 silly fetch manifest moment-timezone@^0.5.48
76 silly packumentCache full:https://registry.npmjs.org/moment-timezone cache-miss
77 http fetch GET 200 https://registry.npmjs.org/moment-timezone 58ms (cache miss)
78 silly packumentCache full:https://registry.npmjs.org/moment-timezone set size:undefined disposed:false
79 silly fetch manifest moment@^2.29.4
80 silly packumentCache full:https://registry.npmjs.org/moment cache-miss
81 http fetch GET 200 https://registry.npmjs.org/moment 76ms (cache miss)
82 silly packumentCache full:https://registry.npmjs.org/moment set size:undefined disposed:false
83 silly fetch manifest mime-types@^3.0.2
84 silly packumentCache full:https://registry.npmjs.org/mime-types cache-miss
85 http fetch GET 200 https://registry.npmjs.org/mime-types 62ms (cache miss)
86 silly packumentCache full:https://registry.npmjs.org/mime-types set size:undefined disposed:false
87 silly fetch manifest node-fetch@^2.7.0
88 silly packumentCache full:https://registry.npmjs.org/node-fetch cache-miss
89 http fetch GET 200 https://registry.npmjs.org/node-fetch 85ms (cache miss)
90 silly packumentCache full:https://registry.npmjs.org/node-fetch set size:undefined disposed:false
91 silly fetch manifest encoding@^0.1.0
92 silly packumentCache full:https://registry.npmjs.org/encoding cache-miss
93 http fetch GET 200 https://registry.npmjs.org/encoding 54ms (cache miss)
94 silly packumentCache full:https://registry.npmjs.org/encoding set size:undefined disposed:false
95 silly fetch manifest node-cache@^5.1.2
96 silly packumentCache full:https://registry.npmjs.org/node-cache cache-miss
97 http fetch GET 200 https://registry.npmjs.org/node-cache 62ms (cache miss)
98 silly packumentCache full:https://registry.npmjs.org/node-cache set size:undefined disposed:false
99 silly fetch manifest node-webpmux@^3.2.0
100 silly packumentCache full:https://registry.npmjs.org/node-webpmux cache-miss
101 http fetch GET 200 https://registry.npmjs.org/node-webpmux 54ms (cache miss)
102 silly packumentCache full:https://registry.npmjs.org/node-webpmux set size:undefined disposed:false
103 silly fetch manifest grapheme-splitter@^1.0.4
104 silly packumentCache full:https://registry.npmjs.org/grapheme-splitter cache-miss
105 http fetch GET 200 https://registry.npmjs.org/grapheme-splitter 59ms (cache miss)
106 silly packumentCache full:https://registry.npmjs.org/grapheme-splitter set size:undefined disposed:false
107 silly fetch manifest pino@^10.3.1
108 silly packumentCache full:https://registry.npmjs.org/pino cache-miss
109 http fetch GET 200 https://registry.npmjs.org/pino 118ms (cache miss)
110 silly packumentCache full:https://registry.npmjs.org/pino set size:undefined disposed:false
111 silly fetch manifest qrcode@^1.5.3
112 silly packumentCache full:https://registry.npmjs.org/qrcode cache-miss
113 http fetch GET 200 https://registry.npmjs.org/qrcode 61ms (cache miss)
114 silly packumentCache full:https://registry.npmjs.org/qrcode set size:undefined disposed:false
115 silly fetch manifest qrcode-terminal@^0.12.0
116 silly packumentCache full:https://registry.npmjs.org/qrcode-terminal cache-miss
117 http fetch GET 200 https://registry.npmjs.org/qrcode-terminal 53ms (cache miss)
118 silly packumentCache full:https://registry.npmjs.org/qrcode-terminal set size:undefined disposed:false
119 silly fetch manifest readline-sync@^1.4.10
120 silly packumentCache full:https://registry.npmjs.org/readline-sync cache-miss
121 http fetch GET 200 https://registry.npmjs.org/readline-sync 61ms (cache miss)
122 silly packumentCache full:https://registry.npmjs.org/readline-sync set size:undefined disposed:false
123 silly fetch manifest syntax-error@^1.4.0
124 silly packumentCache full:https://registry.npmjs.org/syntax-error cache-miss
125 http fetch GET 200 https://registry.npmjs.org/syntax-error 59ms (cache miss)
126 silly packumentCache full:https://registry.npmjs.org/syntax-error set size:undefined disposed:false
127 silly fetch manifest uuid@^14.0.0
128 silly packumentCache full:https://registry.npmjs.org/uuid cache-miss
129 http fetch GET 200 https://registry.npmjs.org/uuid 61ms (cache miss)
130 silly packumentCache full:https://registry.npmjs.org/uuid set size:undefined disposed:false
131 silly fetch manifest yt-search@^2.10.4
132 silly packumentCache full:https://registry.npmjs.org/yt-search cache-miss
133 http fetch GET 200 https://registry.npmjs.org/yt-search 60ms (cache miss)
134 silly packumentCache full:https://registry.npmjs.org/yt-search set size:undefined disposed:false
135 silly placeDep ROOT @hapi/boom@10.0.1 OK for: hutao@4.0 want: latest
136 silly placeDep ROOT axios@1.20.0 OK for: hutao@4.0 want: ^1.16.1
137 silly placeDep ROOT baileys@1.0.0 OK for: hutao@4.0 want: github:CheirZ/bail
138 silly placeDep ROOT sharp@0.35.4 OK for: baileys@1.0.0 want: *
139 silly placeDep ROOT chalk@4.1.2 OK for: hutao@4.0 want: ^4.1.2
140 silly placeDep ROOT fluent-ffmpeg@2.1.3 OK for: hutao@4.0 want: ^2.1.2
141 silly placeDep ROOT form-data@4.0.6 OK for: hutao@4.0 want: ^4.0.0
142 silly placeDep ROOT gradient-string@2.0.2 OK for: hutao@4.0 want: ^2.0.2
143 silly placeDep ROOT grapheme-splitter@1.0.4 OK for: hutao@4.0 want: ^1.0.4
144 silly placeDep ROOT http@0.0.1-security OK for: hutao@4.0 want: latest
145 silly placeDep ROOT human-readable@0.2.1 OK for: hutao@4.0 want: ^0.2.1
146 silly placeDep ROOT jimp@1.6.1 OK for: hutao@4.0 want: ^1.6.0
147 silly placeDep ROOT mime-types@3.0.2 OK for: hutao@4.0 want: ^3.0.2
148 silly placeDep ROOT moment@2.30.1 OK for: hutao@4.0 want: ^2.29.4
149 silly placeDep ROOT moment-timezone@0.5.48 OK for: hutao@4.0 want: ^0.5.48
150 silly placeDep ROOT node-cache@5.1.2 OK for: hutao@4.0 want: ^5.1.2
151 silly placeDep ROOT node-fetch@2.7.0 OK for: hutao@4.0 want: ^2.7.0
152 silly placeDep ROOT node-webpmux@3.2.1 OK for: hutao@4.0 want: ^3.2.0
153 silly placeDep ROOT pino@10.3.1 OK for: hutao@4.0 want: ^10.3.1
154 silly placeDep ROOT qrcode@1.5.4 OK for: hutao@4.0 want: ^1.5.3
155 silly placeDep ROOT qrcode-terminal@0.12.0 OK for: hutao@4.0 want: ^0.12.0
156 silly placeDep ROOT readline-sync@1.4.10 OK for: hutao@4.0 want: ^1.4.10
157 silly placeDep ROOT syntax-error@1.4.0 OK for: hutao@4.0 want: ^1.4.0
158 silly placeDep ROOT uuid@14.0.2 OK for: hutao@4.0 want: ^14.0.0
159 silly placeDep ROOT yargs@18.1.0 OK for: hutao@4.0 want: ^18.0.0
160 silly placeDep ROOT yt-search@2.13.1 OK for: hutao@4.0 want: ^2.10.4
161 silly fetch manifest @hapi/hoek@^11.0.2
162 silly packumentCache full:https://registry.npmjs.org/@hapi%2fhoek cache-miss
163 http fetch GET 200 https://registry.npmjs.org/@hapi%2fhoek 68ms (cache miss)
164 silly packumentCache full:https://registry.npmjs.org/@hapi%2fhoek set size:undefined disposed:false
165 silly fetch manifest form-data@^4.0.6
166 silly packumentCache full:https://registry.npmjs.org/form-data cache-miss
167 http cache https://registry.npmjs.org/form-data 5ms (cache hit)
168 silly packumentCache full:https://registry.npmjs.org/form-data set size:153174 disposed:false
169 silly fetch manifest proxy-from-env@^2.1.0
170 silly packumentCache full:https://registry.npmjs.org/proxy-from-env cache-miss
171 http fetch GET 200 https://registry.npmjs.org/proxy-from-env 53ms (cache miss)
172 silly packumentCache full:https://registry.npmjs.org/proxy-from-env set size:undefined disposed:false
173 silly fetch manifest follow-redirects@^1.16.0
174 silly packumentCache full:https://registry.npmjs.org/follow-redirects cache-miss
175 http fetch GET 200 https://registry.npmjs.org/follow-redirects 61ms (cache miss)
176 silly packumentCache full:https://registry.npmjs.org/follow-redirects set size:undefined disposed:false
177 silly fetch manifest https-proxy-agent@^5.0.1
178 silly packumentCache full:https://registry.npmjs.org/https-proxy-agent cache-miss
179 http fetch GET 200 https://registry.npmjs.org/https-proxy-agent 84ms (cache miss)
180 silly packumentCache full:https://registry.npmjs.org/https-proxy-agent set size:undefined disposed:false
181 silly fetch manifest @adiwajshing/keyed-db@^0.2.4
182 silly packumentCache full:https://registry.npmjs.org/@adiwajshing%2fkeyed-db cache-miss
183 http fetch GET 200 https://registry.npmjs.org/@adiwajshing%2fkeyed-db 169ms (cache miss)
184 silly packumentCache full:https://registry.npmjs.org/@adiwajshing%2fkeyed-db set size:undefined disposed:false
185 silly fetch manifest @cacheable/node-cache@^1.4.0
186 silly packumentCache full:https://registry.npmjs.org/@cacheable%2fnode-cache cache-miss
187 http fetch GET 200 https://registry.npmjs.org/@cacheable%2fnode-cache 75ms (cache miss)
188 silly packumentCache full:https://registry.npmjs.org/@cacheable%2fnode-cache set size:undefined disposed:false
189 silly fetch manifest @hapi/boom@^9.1.3
190 silly packumentCache full:https://registry.npmjs.org/@hapi%2fboom cache-miss
191 http cache https://registry.npmjs.org/@hapi%2fboom 3ms (cache hit)
192 silly packumentCache full:https://registry.npmjs.org/@hapi%2fboom set size:56775 disposed:false
193 silly fetch manifest async-mutex@^0.5.0
194 silly packumentCache full:https://registry.npmjs.org/async-mutex cache-miss
195 http fetch GET 200 https://registry.npmjs.org/async-mutex 120ms (cache miss)
196 silly packumentCache full:https://registry.npmjs.org/async-mutex set size:undefined disposed:false
197 silly fetch manifest fflate@^0.8.2
198 silly packumentCache full:https://registry.npmjs.org/fflate cache-miss
199 http fetch GET 200 https://registry.npmjs.org/fflate 64ms (cache miss)
200 silly packumentCache full:https://registry.npmjs.org/fflate set size:undefined disposed:false
201 silly fetch manifest libsignal@git+https://github.com/this-xys/libsignal-node
202 silly fetch manifest long@^5.2.3
203 silly packumentCache full:https://registry.npmjs.org/long cache-miss
204 http fetch GET 200 https://registry.npmjs.org/long 55ms (cache miss)
205 silly packumentCache full:https://registry.npmjs.org/long set size:undefined disposed:false
206 silly fetch manifest lru-cache@^11.2.6
207 silly packumentCache full:https://registry.npmjs.org/lru-cache cache-miss
208 http fetch GET 200 https://registry.npmjs.org/lru-cache 77ms (cache miss)
209 silly packumentCache full:https://registry.npmjs.org/lru-cache set size:undefined disposed:false
210 silly fetch manifest music-metadata@^11.12.3
211 silly packumentCache full:https://registry.npmjs.org/music-metadata cache-miss
212 http fetch GET 200 https://registry.npmjs.org/music-metadata 87ms (cache miss)
213 silly packumentCache full:https://registry.npmjs.org/music-metadata set size:undefined disposed:false
214 silly fetch manifest p-queue@^9.1.0
215 silly packumentCache full:https://registry.npmjs.org/p-queue cache-miss
216 http fetch GET 200 https://registry.npmjs.org/p-queue 73ms (cache miss)
217 silly packumentCache full:https://registry.npmjs.org/p-queue set size:undefined disposed:false
218 silly fetch manifest pino@^9.6.0
219 silly packumentCache full:https://registry.npmjs.org/pino cache-miss
220 http cache https://registry.npmjs.org/pino 5ms (cache hit)
221 silly packumentCache full:https://registry.npmjs.org/pino set size:1274398 disposed:false
222 silly fetch manifest protobufjs@^7.5.6
223 silly packumentCache full:https://registry.npmjs.org/protobufjs cache-miss
224 http fetch GET 200 https://registry.npmjs.org/protobufjs 78ms (cache miss)
225 silly packumentCache full:https://registry.npmjs.org/protobufjs set size:undefined disposed:false
226 silly fetch manifest whatsapp-rust-bridge@0.5.5
227 silly packumentCache full:https://registry.npmjs.org/whatsapp-rust-bridge cache-miss
228 http fetch GET 200 https://registry.npmjs.org/whatsapp-rust-bridge 59ms (cache miss)
229 silly packumentCache full:https://registry.npmjs.org/whatsapp-rust-bridge set size:undefined disposed:false
230 silly fetch manifest ws@^8.19.0
231 silly packumentCache full:https://registry.npmjs.org/ws cache-miss
232 http fetch GET 200 https://registry.npmjs.org/ws 74ms (cache miss)
233 silly packumentCache full:https://registry.npmjs.org/ws set size:undefined disposed:false
234 silly fetch manifest semver@^7.8.5
235 silly packumentCache full:https://registry.npmjs.org/semver cache-miss
236 http fetch GET 200 https://registry.npmjs.org/semver 71ms (cache miss)
237 silly packumentCache full:https://registry.npmjs.org/semver set size:undefined disposed:false
238 silly fetch manifest @img/colour@^1.1.0
239 silly packumentCache full:https://registry.npmjs.org/@img%2fcolour cache-miss
240 http fetch GET 200 https://registry.npmjs.org/@img%2fcolour 77ms (cache miss)
241 silly packumentCache full:https://registry.npmjs.org/@img%2fcolour set size:undefined disposed:false
242 silly fetch manifest detect-libc@^2.1.2
243 silly packumentCache full:https://registry.npmjs.org/detect-libc cache-miss
244 http fetch GET 200 https://registry.npmjs.org/detect-libc 59ms (cache miss)
245 silly packumentCache full:https://registry.npmjs.org/detect-libc set size:undefined disposed:false
246 silly fetch manifest @img/sharp-linux-arm@0.35.4
247 silly packumentCache full:https://registry.npmjs.org/@img%2fsharp-linux-arm cache-miss
248 http fetch GET 200 https://registry.npmjs.org/@img%2fsharp-linux-arm 67ms (cache miss)
249 silly packumentCache full:https://registry.npmjs.org/@img%2fsharp-linux-arm set size:undefined disposed:false
250 silly fetch manifest @img/sharp-linux-x64@0.35.4
251 silly packumentCache full:https://registry.npmjs.org/@img%2fsharp-linux-x64 cache-miss
252 http fetch GET 200 https://registry.npmjs.org/@img%2fsharp-linux-x64 70ms (cache miss)
253 silly packumentCache full:https://registry.npmjs.org/@img%2fsharp-linux-x64 set size:undefined disposed:false
254 silly fetch manifest @img/sharp-win32-x64@0.35.4
255 silly packumentCache full:https://registry.npmjs.org/@img%2fsharp-win32-x64 cache-miss
256 http fetch GET 200 https://registry.npmjs.org/@img%2fsharp-win32-x64 71ms (cache miss)
257 silly packumentCache full:https://registry.npmjs.org/@img%2fsharp-win32-x64 set size:undefined disposed:false
258 silly fetch manifest @img/sharp-darwin-x64@0.35.4
259 silly packumentCache full:https://registry.npmjs.org/@img%2fsharp-darwin-x64 cache-miss
260 http fetch GET 200 https://registry.npmjs.org/@img%2fsharp-darwin-x64 70ms (cache miss)
261 silly packumentCache full:https://registry.npmjs.org/@img%2fsharp-darwin-x64 set size:undefined disposed:false
262 silly fetch manifest @img/sharp-win32-ia32@0.35.4
263 silly packumentCache full:https://registry.npmjs.org/@img%2fsharp-win32-ia32 cache-miss
264 http fetch GET 200 https://registry.npmjs.org/@img%2fsharp-win32-ia32 67ms (cache miss)
265 silly packumentCache full:https://registry.npmjs.org/@img%2fsharp-win32-ia32 set size:undefined disposed:false
266 silly fetch manifest @img/sharp-linux-arm64@0.35.4
267 silly packumentCache full:https://registry.npmjs.org/@img%2fsharp-linux-arm64 cache-miss
268 http fetch GET 200 https://registry.npmjs.org/@img%2fsharp-linux-arm64 73ms (cache miss)
269 silly packumentCache full:https://registry.npmjs.org/@img%2fsharp-linux-arm64 set size:undefined disposed:false
270 silly fetch manifest @img/sharp-linux-ppc64@0.35.4
271 silly packumentCache full:https://registry.npmjs.org/@img%2fsharp-linux-ppc64 cache-miss
272 http fetch GET 200 https://registry.npmjs.org/@img%2fsharp-linux-ppc64 73ms (cache miss)
273 silly packumentCache full:https://registry.npmjs.org/@img%2fsharp-linux-ppc64 set size:undefined disposed:false
274 silly fetch manifest @img/sharp-linux-s390x@0.35.4
275 silly packumentCache full:https://registry.npmjs.org/@img%2fsharp-linux-s390x cache-miss
276 http fetch GET 200 https://registry.npmjs.org/@img%2fsharp-linux-s390x 70ms (cache miss)
277 silly packumentCache full:https://registry.npmjs.org/@img%2fsharp-linux-s390x set size:undefined disposed:false
278 silly fetch manifest @img/sharp-win32-arm64@0.35.4
279 silly packumentCache full:https://registry.npmjs.org/@img%2fsharp-win32-arm64 cache-miss
280 http fetch GET 200 https://registry.npmjs.org/@img%2fsharp-win32-arm64 94ms (cache miss)
281 silly packumentCache full:https://registry.npmjs.org/@img%2fsharp-win32-arm64 set size:undefined disposed:false
282 silly fetch manifest @img/sharp-darwin-arm64@0.35.4
283 silly packumentCache full:https://registry.npmjs.org/@img%2fsharp-darwin-arm64 cache-miss
284 http fetch GET 200 https://registry.npmjs.org/@img%2fsharp-darwin-arm64 90ms (cache miss)
285 silly packumentCache full:https://registry.npmjs.org/@img%2fsharp-darwin-arm64 set size:undefined disposed:false
286 silly fetch manifest @img/sharp-linux-riscv64@0.35.4
287 silly packumentCache full:https://registry.npmjs.org/@img%2fsharp-linux-riscv64 cache-miss
288 http fetch GET 200 https://registry.npmjs.org/@img%2fsharp-linux-riscv64 72ms (cache miss)
289 silly packumentCache full:https://registry.npmjs.org/@img%2fsharp-linux-riscv64 set size:undefined disposed:false
290 silly fetch manifest @img/sharp-linuxmusl-x64@0.35.4
291 silly packumentCache full:https://registry.npmjs.org/@img%2fsharp-linuxmusl-x64 cache-miss
292 http fetch GET 200 https://registry.npmjs.org/@img%2fsharp-linuxmusl-x64 74ms (cache miss)
293 silly packumentCache full:https://registry.npmjs.org/@img%2fsharp-linuxmusl-x64 set size:undefined disposed:false
294 silly fetch manifest @img/sharp-freebsd-wasm32@0.35.4
295 silly packumentCache full:https://registry.npmjs.org/@img%2fsharp-freebsd-wasm32 cache-miss
296 http fetch GET 200 https://registry.npmjs.org/@img%2fsharp-freebsd-wasm32 88ms (cache miss)
297 silly packumentCache full:https://registry.npmjs.org/@img%2fsharp-freebsd-wasm32 set size:undefined disposed:false
298 silly fetch manifest @img/sharp-linuxmusl-arm64@0.35.4
299 silly packumentCache full:https://registry.npmjs.org/@img%2fsharp-linuxmusl-arm64 cache-miss
300 http fetch GET 200 https://registry.npmjs.org/@img%2fsharp-linuxmusl-arm64 73ms (cache miss)
301 silly packumentCache full:https://registry.npmjs.org/@img%2fsharp-linuxmusl-arm64 set size:undefined disposed:false
302 silly fetch manifest @img/sharp-libvips-linux-arm@1.3.3
303 silly packumentCache full:https://registry.npmjs.org/@img%2fsharp-libvips-linux-arm cache-miss
304 http fetch GET 200 https://registry.npmjs.org/@img%2fsharp-libvips-linux-arm 102ms (cache miss)
305 silly packumentCache full:https://registry.npmjs.org/@img%2fsharp-libvips-linux-arm set size:undefined disposed:false
306 silly fetch manifest @img/sharp-libvips-linux-x64@1.3.3
307 silly packumentCache full:https://registry.npmjs.org/@img%2fsharp-libvips-linux-x64 cache-miss
308 http fetch GET 200 https://registry.npmjs.org/@img%2fsharp-libvips-linux-x64 75ms (cache miss)
309 silly packumentCache full:https://registry.npmjs.org/@img%2fsharp-libvips-linux-x64 set size:undefined disposed:false
310 silly fetch manifest @img/sharp-libvips-darwin-x64@1.3.3
311 silly packumentCache full:https://registry.npmjs.org/@img%2fsharp-libvips-darwin-x64 cache-miss
312 http fetch GET 200 https://registry.npmjs.org/@img%2fsharp-libvips-darwin-x64 98ms (cache miss)
313 silly packumentCache full:https://registry.npmjs.org/@img%2fsharp-libvips-darwin-x64 set size:undefined disposed:false
314 silly fetch manifest @img/sharp-libvips-linux-arm64@1.3.3
315 silly packumentCache full:https://registry.npmjs.org/@img%2fsharp-libvips-linux-arm64 cache-miss
316 http fetch GET 200 https://registry.npmjs.org/@img%2fsharp-libvips-linux-arm64 90ms (cache miss)
317 silly packumentCache full:https://registry.npmjs.org/@img%2fsharp-libvips-linux-arm64 set size:undefined disposed:false
318 silly fetch manifest @img/sharp-libvips-linux-ppc64@1.3.3
319 silly packumentCache full:https://registry.npmjs.org/@img%2fsharp-libvips-linux-ppc64 cache-miss
320 http fetch GET 200 https://registry.npmjs.org/@img%2fsharp-libvips-linux-ppc64 61ms (cache miss)
321 silly packumentCache full:https://registry.npmjs.org/@img%2fsharp-libvips-linux-ppc64 set size:undefined disposed:false
322 silly fetch manifest @img/sharp-libvips-linux-s390x@1.3.3
323 silly packumentCache full:https://registry.npmjs.org/@img%2fsharp-libvips-linux-s390x cache-miss
324 http fetch GET 200 https://registry.npmjs.org/@img%2fsharp-libvips-linux-s390x 66ms (cache miss)
325 silly packumentCache full:https://registry.npmjs.org/@img%2fsharp-libvips-linux-s390x set size:undefined disposed:false
326 silly fetch manifest @img/sharp-libvips-darwin-arm64@1.3.3
327 silly packumentCache full:https://registry.npmjs.org/@img%2fsharp-libvips-darwin-arm64 cache-miss
328 http fetch GET 200 https://registry.npmjs.org/@img%2fsharp-libvips-darwin-arm64 80ms (cache miss)
329 silly packumentCache full:https://registry.npmjs.org/@img%2fsharp-libvips-darwin-arm64 set size:undefined disposed:false
330 silly fetch manifest @img/sharp-webcontainers-wasm32@0.35.4
331 silly packumentCache full:https://registry.npmjs.org/@img%2fsharp-webcontainers-wasm32 cache-miss
332 http fetch GET 200 https://registry.npmjs.org/@img%2fsharp-webcontainers-wasm32 74ms (cache miss)
333 silly packumentCache full:https://registry.npmjs.org/@img%2fsharp-webcontainers-wasm32 set size:undefined disposed:false
334 silly fetch manifest @img/sharp-libvips-linux-riscv64@1.3.3
335 silly packumentCache full:https://registry.npmjs.org/@img%2fsharp-libvips-linux-riscv64 cache-miss
336 http fetch GET 200 https://registry.npmjs.org/@img%2fsharp-libvips-linux-riscv64 74ms (cache miss)
337 silly packumentCache full:https://registry.npmjs.org/@img%2fsharp-libvips-linux-riscv64 set size:undefined disposed:false
338 silly fetch manifest @img/sharp-libvips-linuxmusl-x64@1.3.3
339 silly packumentCache full:https://registry.npmjs.org/@img%2fsharp-libvips-linuxmusl-x64 cache-miss
340 http fetch GET 200 https://registry.npmjs.org/@img%2fsharp-libvips-linuxmusl-x64 67ms (cache miss)
341 silly packumentCache full:https://registry.npmjs.org/@img%2fsharp-libvips-linuxmusl-x64 set size:undefined disposed:false
342 silly fetch manifest @img/sharp-libvips-linuxmusl-arm64@1.3.3
343 silly packumentCache full:https://registry.npmjs.org/@img%2fsharp-libvips-linuxmusl-arm64 cache-miss
344 http fetch GET 200 https://registry.npmjs.org/@img%2fsharp-libvips-linuxmusl-arm64 82ms (cache miss)
345 silly packumentCache full:https://registry.npmjs.org/@img%2fsharp-libvips-linuxmusl-arm64 set size:undefined disposed:false
346 silly fetch manifest ansi-styles@^4.1.0
347 silly packumentCache full:https://registry.npmjs.org/ansi-styles cache-miss
348 http fetch GET 200 https://registry.npmjs.org/ansi-styles 51ms (cache miss)
349 silly packumentCache full:https://registry.npmjs.org/ansi-styles set size:undefined disposed:false
350 silly fetch manifest supports-color@^7.1.0
351 silly packumentCache full:https://registry.npmjs.org/supports-color cache-miss
352 http fetch GET 200 https://registry.npmjs.org/supports-color 55ms (cache miss)
353 silly packumentCache full:https://registry.npmjs.org/supports-color set size:undefined disposed:false
354 silly fetch manifest async@^0.2.9
355 silly packumentCache full:https://registry.npmjs.org/async cache-miss
356 http fetch GET 200 https://registry.npmjs.org/async 76ms (cache miss)
357 silly packumentCache full:https://registry.npmjs.org/async set size:undefined disposed:false
358 silly fetch manifest which@^1.1.1
359 silly packumentCache full:https://registry.npmjs.org/which cache-miss
360 http fetch GET 200 https://registry.npmjs.org/which 49ms (cache miss)
361 silly packumentCache full:https://registry.npmjs.org/which set size:undefined disposed:false
362 silly fetch manifest hasown@^2.0.4
363 silly packumentCache full:https://registry.npmjs.org/hasown cache-miss
364 http fetch GET 200 https://registry.npmjs.org/hasown 52ms (cache miss)
365 silly packumentCache full:https://registry.npmjs.org/hasown set size:undefined disposed:false
366 silly fetch manifest asynckit@^0.4.0
367 silly packumentCache full:https://registry.npmjs.org/asynckit cache-miss
368 http fetch GET 200 https://registry.npmjs.org/asynckit 55ms (cache miss)
369 silly packumentCache full:https://registry.npmjs.org/asynckit set size:undefined disposed:false
370 silly fetch manifest mime-types@^2.1.35
371 silly packumentCache full:https://registry.npmjs.org/mime-types cache-miss
372 http cache https://registry.npmjs.org/mime-types 12ms (cache hit)
373 silly packumentCache full:https://registry.npmjs.org/mime-types set size:139110 disposed:false
374 silly fetch manifest combined-stream@^1.0.8
375 silly packumentCache full:https://registry.npmjs.org/combined-stream cache-miss
376 http fetch GET 200 https://registry.npmjs.org/combined-stream 70ms (cache miss)
377 silly packumentCache full:https://registry.npmjs.org/combined-stream set size:undefined disposed:false
378 silly fetch manifest es-set-tostringtag@^2.1.0
379 silly packumentCache full:https://registry.npmjs.org/es-set-tostringtag cache-miss
380 http fetch GET 200 https://registry.npmjs.org/es-set-tostringtag 52ms (cache miss)
381 silly packumentCache full:https://registry.npmjs.org/es-set-tostringtag set size:undefined disposed:false
382 silly fetch manifest tinygradient@^1.1.5
383 silly packumentCache full:https://registry.npmjs.org/tinygradient cache-miss
384 http fetch GET 200 https://registry.npmjs.org/tinygradient 58ms (cache miss)
385 silly packumentCache full:https://registry.npmjs.org/tinygradient set size:undefined disposed:false
386 silly fetch manifest @jimp/core@1.6.1
387 silly packumentCache full:https://registry.npmjs.org/@jimp%2fcore cache-miss
388 http fetch GET 200 https://registry.npmjs.org/@jimp%2fcore 103ms (cache miss)
389 silly packumentCache full:https://registry.npmjs.org/@jimp%2fcore set size:undefined disposed:false
390 silly fetch manifest @jimp/diff@1.6.1
391 silly packumentCache full:https://registry.npmjs.org/@jimp%2fdiff cache-miss
392 http fetch GET 200 https://registry.npmjs.org/@jimp%2fdiff 87ms (cache miss)
393 silly packumentCache full:https://registry.npmjs.org/@jimp%2fdiff set size:undefined disposed:false
394 silly fetch manifest @jimp/js-bmp@1.6.1
395 silly packumentCache full:https://registry.npmjs.org/@jimp%2fjs-bmp cache-miss
396 http fetch GET 200 https://registry.npmjs.org/@jimp%2fjs-bmp 84ms (cache miss)
397 silly packumentCache full:https://registry.npmjs.org/@jimp%2fjs-bmp set size:undefined disposed:false
398 silly fetch manifest @jimp/js-gif@1.6.1
399 silly packumentCache full:https://registry.npmjs.org/@jimp%2fjs-gif cache-miss
400 http fetch GET 200 https://registry.npmjs.org/@jimp%2fjs-gif 77ms (cache miss)
401 silly packumentCache full:https://registry.npmjs.org/@jimp%2fjs-gif set size:undefined disposed:false
402 silly fetch manifest @jimp/js-jpeg@1.6.1
403 silly packumentCache full:https://registry.npmjs.org/@jimp%2fjs-jpeg cache-miss
404 http fetch GET 200 https://registry.npmjs.org/@jimp%2fjs-jpeg 69ms (cache miss)
405 silly packumentCache full:https://registry.npmjs.org/@jimp%2fjs-jpeg set size:undefined disposed:false
406 silly fetch manifest @jimp/js-png@1.6.1
407 silly packumentCache full:https://registry.npmjs.org/@jimp%2fjs-png cache-miss
408 http fetch GET 200 https://registry.npmjs.org/@jimp%2fjs-png 74ms (cache miss)
409 silly packumentCache full:https://registry.npmjs.org/@jimp%2fjs-png set size:undefined disposed:false
410 silly fetch manifest @jimp/js-tiff@1.6.1
411 silly packumentCache full:https://registry.npmjs.org/@jimp%2fjs-tiff cache-miss
412 http fetch GET 200 https://registry.npmjs.org/@jimp%2fjs-tiff 82ms (cache miss)
413 silly packumentCache full:https://registry.npmjs.org/@jimp%2fjs-tiff set size:undefined disposed:false
414 silly fetch manifest @jimp/plugin-blit@1.6.1
415 silly packumentCache full:https://registry.npmjs.org/@jimp%2fplugin-blit cache-miss
416 http fetch GET 200 https://registry.npmjs.org/@jimp%2fplugin-blit 100ms (cache miss)
417 silly packumentCache full:https://registry.npmjs.org/@jimp%2fplugin-blit set size:undefined disposed:false
418 silly fetch manifest @jimp/plugin-blur@1.6.1
419 silly packumentCache full:https://registry.npmjs.org/@jimp%2fplugin-blur cache-miss
420 http fetch GET 200 https://registry.npmjs.org/@jimp%2fplugin-blur 114ms (cache miss)
421 silly packumentCache full:https://registry.npmjs.org/@jimp%2fplugin-blur set size:undefined disposed:false
422 silly fetch manifest @jimp/plugin-circle@1.6.1
423 silly packumentCache full:https://registry.npmjs.org/@jimp%2fplugin-circle cache-miss
424 http fetch GET 200 https://registry.npmjs.org/@jimp%2fplugin-circle 110ms (cache miss)
425 silly packumentCache full:https://registry.npmjs.org/@jimp%2fplugin-circle set size:undefined disposed:false
426 silly fetch manifest @jimp/plugin-color@1.6.1
427 silly packumentCache full:https://registry.npmjs.org/@jimp%2fplugin-color cache-miss
428 http fetch GET 200 https://registry.npmjs.org/@jimp%2fplugin-color 96ms (cache miss)
429 silly packumentCache full:https://registry.npmjs.org/@jimp%2fplugin-color set size:undefined disposed:false
430 silly fetch manifest @jimp/plugin-contain@1.6.1
431 silly packumentCache full:https://registry.npmjs.org/@jimp%2fplugin-contain cache-miss
432 http fetch GET 200 https://registry.npmjs.org/@jimp%2fplugin-contain 132ms (cache miss)
433 silly packumentCache full:https://registry.npmjs.org/@jimp%2fplugin-contain set size:undefined disposed:false
434 silly fetch manifest @jimp/plugin-cover@1.6.1
435 silly packumentCache full:https://registry.npmjs.org/@jimp%2fplugin-cover cache-miss
436 http fetch GET 200 https://registry.npmjs.org/@jimp%2fplugin-cover 116ms (cache miss)
437 silly packumentCache full:https://registry.npmjs.org/@jimp%2fplugin-cover set size:undefined disposed:false
438 silly fetch manifest @jimp/plugin-crop@1.6.1
439 silly packumentCache full:https://registry.npmjs.org/@jimp%2fplugin-crop cache-miss
440 http fetch GET 200 https://registry.npmjs.org/@jimp%2fplugin-crop 153ms (cache miss)
441 silly packumentCache full:https://registry.npmjs.org/@jimp%2fplugin-crop set size:undefined disposed:false
442 silly fetch manifest @jimp/plugin-displace@1.6.1
443 silly packumentCache full:https://registry.npmjs.org/@jimp%2fplugin-displace cache-miss
444 http fetch GET 200 https://registry.npmjs.org/@jimp%2fplugin-displace 114ms (cache miss)
445 silly packumentCache full:https://registry.npmjs.org/@jimp%2fplugin-displace set size:undefined disposed:false
446 silly fetch manifest @jimp/plugin-dither@1.6.1
447 silly packumentCache full:https://registry.npmjs.org/@jimp%2fplugin-dither cache-miss
448 http fetch GET 200 https://registry.npmjs.org/@jimp%2fplugin-dither 105ms (cache miss)
449 silly packumentCache full:https://registry.npmjs.org/@jimp%2fplugin-dither set size:undefined disposed:false
450 silly fetch manifest @jimp/plugin-fisheye@1.6.1
451 silly packumentCache full:https://registry.npmjs.org/@jimp%2fplugin-fisheye cache-miss
452 http fetch GET 200 https://registry.npmjs.org/@jimp%2fplugin-fisheye 106ms (cache miss)
453 silly packumentCache full:https://registry.npmjs.org/@jimp%2fplugin-fisheye set size:undefined disposed:false
454 silly fetch manifest @jimp/plugin-flip@1.6.1
455 silly packumentCache full:https://registry.npmjs.org/@jimp%2fplugin-flip cache-miss
456 http fetch GET 200 https://registry.npmjs.org/@jimp%2fplugin-flip 122ms (cache miss)
457 silly packumentCache full:https://registry.npmjs.org/@jimp%2fplugin-flip set size:undefined disposed:false
458 silly fetch manifest @jimp/plugin-hash@1.6.1
459 silly packumentCache full:https://registry.npmjs.org/@jimp%2fplugin-hash cache-miss
460 http fetch GET 200 https://registry.npmjs.org/@jimp%2fplugin-hash 88ms (cache miss)
461 silly packumentCache full:https://registry.npmjs.org/@jimp%2fplugin-hash set size:undefined disposed:false
462 silly fetch manifest @jimp/plugin-mask@1.6.1
463 silly packumentCache full:https://registry.npmjs.org/@jimp%2fplugin-mask cache-miss
464 http fetch GET 200 https://registry.npmjs.org/@jimp%2fplugin-mask 113ms (cache miss)
465 silly packumentCache full:https://registry.npmjs.org/@jimp%2fplugin-mask set size:undefined disposed:false
466 silly fetch manifest @jimp/plugin-print@1.6.1
467 silly packumentCache full:https://registry.npmjs.org/@jimp%2fplugin-print cache-miss
468 http fetch GET 200 https://registry.npmjs.org/@jimp%2fplugin-print 117ms (cache miss)
469 silly packumentCache full:https://registry.npmjs.org/@jimp%2fplugin-print set size:undefined disposed:false
470 silly fetch manifest @jimp/plugin-quantize@1.6.1
471 silly packumentCache full:https://registry.npmjs.org/@jimp%2fplugin-quantize cache-miss
472 http fetch GET 200 https://registry.npmjs.org/@jimp%2fplugin-quantize 85ms (cache miss)
473 silly packumentCache full:https://registry.npmjs.org/@jimp%2fplugin-quantize set size:undefined disposed:false
474 silly fetch manifest @jimp/plugin-resize@1.6.1
475 silly packumentCache full:https://registry.npmjs.org/@jimp%2fplugin-resize cache-miss
476 http fetch GET 200 https://registry.npmjs.org/@jimp%2fplugin-resize 171ms (cache miss)
477 silly packumentCache full:https://registry.npmjs.org/@jimp%2fplugin-resize set size:undefined disposed:false
478 silly fetch manifest @jimp/plugin-rotate@1.6.1
479 silly packumentCache full:https://registry.npmjs.org/@jimp%2fplugin-rotate cache-miss
480 http fetch GET 200 https://registry.npmjs.org/@jimp%2fplugin-rotate 113ms (cache miss)
481 silly packumentCache full:https://registry.npmjs.org/@jimp%2fplugin-rotate set size:undefined disposed:false
482 silly fetch manifest @jimp/plugin-threshold@1.6.1
483 silly packumentCache full:https://registry.npmjs.org/@jimp%2fplugin-threshold cache-miss
484 http fetch GET 200 https://registry.npmjs.org/@jimp%2fplugin-threshold 121ms (cache miss)
485 silly packumentCache full:https://registry.npmjs.org/@jimp%2fplugin-threshold set size:undefined disposed:false
486 silly fetch manifest @jimp/types@1.6.1
487 silly packumentCache full:https://registry.npmjs.org/@jimp%2ftypes cache-miss
488 http fetch GET 200 https://registry.npmjs.org/@jimp%2ftypes 102ms (cache miss)
489 silly packumentCache full:https://registry.npmjs.org/@jimp%2ftypes set size:undefined disposed:false
490 silly fetch manifest @jimp/utils@1.6.1
491 silly packumentCache full:https://registry.npmjs.org/@jimp%2futils cache-miss
492 http fetch GET 200 https://registry.npmjs.org/@jimp%2futils 118ms (cache miss)
493 silly packumentCache full:https://registry.npmjs.org/@jimp%2futils set size:undefined disposed:false
494 silly fetch manifest mime-db@^1.54.0
495 silly packumentCache full:https://registry.npmjs.org/mime-db cache-miss
496 http fetch GET 200 https://registry.npmjs.org/mime-db 65ms (cache miss)
497 silly packumentCache full:https://registry.npmjs.org/mime-db set size:undefined disposed:false
498 silly fetch manifest clone@2.x
499 silly packumentCache full:https://registry.npmjs.org/clone cache-miss
500 http fetch GET 200 https://registry.npmjs.org/clone 58ms (cache miss)
501 silly packumentCache full:https://registry.npmjs.org/clone set size:undefined disposed:false
502 silly fetch manifest whatwg-url@^5.0.0
503 silly packumentCache full:https://registry.npmjs.org/whatwg-url cache-miss
504 http fetch GET 200 https://registry.npmjs.org/whatwg-url 64ms (cache miss)
505 silly packumentCache full:https://registry.npmjs.org/whatwg-url set size:undefined disposed:false
506 silly fetch manifest sonic-boom@^4.0.1
507 silly packumentCache full:https://registry.npmjs.org/sonic-boom cache-miss
508 http fetch GET 200 https://registry.npmjs.org/sonic-boom 65ms (cache miss)
509 silly packumentCache full:https://registry.npmjs.org/sonic-boom set size:undefined disposed:false
510 silly fetch manifest atomic-sleep@^1.0.0
511 silly packumentCache full:https://registry.npmjs.org/atomic-sleep cache-miss
512 http fetch GET 200 https://registry.npmjs.org/atomic-sleep 56ms (cache miss)
513 silly packumentCache full:https://registry.npmjs.org/atomic-sleep set size:undefined disposed:false
514 silly fetch manifest real-require@^0.2.0
515 silly packumentCache full:https://registry.npmjs.org/real-require cache-miss
516 http fetch GET 200 https://registry.npmjs.org/real-require 63ms (cache miss)
517 silly packumentCache full:https://registry.npmjs.org/real-require set size:undefined disposed:false
518 silly fetch manifest thread-stream@^4.0.0
519 silly packumentCache full:https://registry.npmjs.org/thread-stream cache-miss
520 http fetch GET 200 https://registry.npmjs.org/thread-stream 56ms (cache miss)
521 silly packumentCache full:https://registry.npmjs.org/thread-stream set size:undefined disposed:false
522 silly fetch manifest @pinojs/redact@^0.4.0
523 silly packumentCache full:https://registry.npmjs.org/@pinojs%2fredact cache-miss
524 http fetch GET 200 https://registry.npmjs.org/@pinojs%2fredact 80ms (cache miss)
525 silly packumentCache full:https://registry.npmjs.org/@pinojs%2fredact set size:undefined disposed:false
526 silly fetch manifest process-warning@^5.0.0
527 silly packumentCache full:https://registry.npmjs.org/process-warning cache-miss
528 http fetch GET 200 https://registry.npmjs.org/process-warning 52ms (cache miss)
529 silly packumentCache full:https://registry.npmjs.org/process-warning set size:undefined disposed:false
530 silly fetch manifest on-exit-leak-free@^2.1.0
531 silly packumentCache full:https://registry.npmjs.org/on-exit-leak-free cache-miss
532 http fetch GET 200 https://registry.npmjs.org/on-exit-leak-free 54ms (cache miss)
533 silly packumentCache full:https://registry.npmjs.org/on-exit-leak-free set size:undefined disposed:false
534 silly fetch manifest pino-std-serializers@^7.0.0
535 silly packumentCache full:https://registry.npmjs.org/pino-std-serializers cache-miss
536 http fetch GET 200 https://registry.npmjs.org/pino-std-serializers 59ms (cache miss)
537 silly packumentCache full:https://registry.npmjs.org/pino-std-serializers set size:undefined disposed:false
538 silly fetch manifest safe-stable-stringify@^2.3.1
539 silly packumentCache full:https://registry.npmjs.org/safe-stable-stringify cache-miss
540 http fetch GET 200 https://registry.npmjs.org/safe-stable-stringify 54ms (cache miss)
541 silly packumentCache full:https://registry.npmjs.org/safe-stable-stringify set size:undefined disposed:false
542 silly fetch manifest quick-format-unescaped@^4.0.3
543 silly packumentCache full:https://registry.npmjs.org/quick-format-unescaped cache-miss
544 http fetch GET 200 https://registry.npmjs.org/quick-format-unescaped 55ms (cache miss)
545 silly packumentCache full:https://registry.npmjs.org/quick-format-unescaped set size:undefined disposed:false
546 silly fetch manifest pino-abstract-transport@^3.0.0
547 silly packumentCache full:https://registry.npmjs.org/pino-abstract-transport cache-miss
548 http fetch GET 200 https://registry.npmjs.org/pino-abstract-transport 51ms (cache miss)
549 silly packumentCache full:https://registry.npmjs.org/pino-abstract-transport set size:undefined disposed:false
550 silly fetch manifest pngjs@^5.0.0
551 silly packumentCache full:https://registry.npmjs.org/pngjs cache-miss
552 http fetch GET 200 https://registry.npmjs.org/pngjs 55ms (cache miss)
553 silly packumentCache full:https://registry.npmjs.org/pngjs set size:undefined disposed:false
554 silly fetch manifest yargs@^15.3.1
555 silly packumentCache full:https://registry.npmjs.org/yargs cache-miss
556 http cache https://registry.npmjs.org/yargs 5ms (cache hit)
557 silly packumentCache full:https://registry.npmjs.org/yargs set size:759965 disposed:false
558 silly fetch manifest dijkstrajs@^1.0.1
559 silly packumentCache full:https://registry.npmjs.org/dijkstrajs cache-miss
560 http fetch GET 200 https://registry.npmjs.org/dijkstrajs 60ms (cache miss)
561 silly packumentCache full:https://registry.npmjs.org/dijkstrajs set size:undefined disposed:false
562 silly fetch manifest acorn-node@^1.2.0
563 silly packumentCache full:https://registry.npmjs.org/acorn-node cache-miss
564 http fetch GET 200 https://registry.npmjs.org/acorn-node 54ms (cache miss)
565 silly packumentCache full:https://registry.npmjs.org/acorn-node set size:undefined disposed:false
566 silly fetch manifest y18n@^5.0.5
567 silly packumentCache full:https://registry.npmjs.org/y18n cache-miss
568 http fetch GET 200 https://registry.npmjs.org/y18n 50ms (cache miss)
569 silly packumentCache full:https://registry.npmjs.org/y18n set size:undefined disposed:false
570 silly fetch manifest cliui@^9.0.1
571 silly packumentCache full:https://registry.npmjs.org/cliui cache-miss
572 http fetch GET 200 https://registry.npmjs.org/cliui 60ms (cache miss)
573 silly packumentCache full:https://registry.npmjs.org/cliui set size:undefined disposed:false
574 silly fetch manifest escalade@^3.1.1
575 silly packumentCache full:https://registry.npmjs.org/escalade cache-miss
576 http fetch GET 200 https://registry.npmjs.org/escalade 57ms (cache miss)
577 silly packumentCache full:https://registry.npmjs.org/escalade set size:undefined disposed:false
578 silly fetch manifest string-width@^8.2.1
579 silly packumentCache full:https://registry.npmjs.org/string-width cache-miss
580 http fetch GET 200 https://registry.npmjs.org/string-width 55ms (cache miss)
581 silly packumentCache full:https://registry.npmjs.org/string-width set size:undefined disposed:false
582 silly fetch manifest yargs-parser@^22.0.0
583 silly packumentCache full:https://registry.npmjs.org/yargs-parser cache-miss
584 http fetch GET 200 https://registry.npmjs.org/yargs-parser 69ms (cache miss)
585 silly packumentCache full:https://registry.npmjs.org/yargs-parser set size:undefined disposed:false
586 silly fetch manifest get-caller-file@^2.0.5
587 silly packumentCache full:https://registry.npmjs.org/get-caller-file cache-miss
588 http fetch GET 200 https://registry.npmjs.org/get-caller-file 54ms (cache miss)
589 silly packumentCache full:https://registry.npmjs.org/get-caller-file set size:undefined disposed:false
590 silly fetch manifest async.parallellimit@~0.5.2
591 silly packumentCache full:https://registry.npmjs.org/async.parallellimit cache-miss
592 http fetch GET 200 https://registry.npmjs.org/async.parallellimit 53ms (cache miss)
593 silly packumentCache full:https://registry.npmjs.org/async.parallellimit set size:undefined disposed:false
594 silly fetch manifest cheerio@^1.0.0-rc.10
595 silly packumentCache full:https://registry.npmjs.org/cheerio cache-miss
596 http fetch GET 200 https://registry.npmjs.org/cheerio 57ms (cache miss)
597 silly packumentCache full:https://registry.npmjs.org/cheerio set size:undefined disposed:false
598 silly fetch manifest dasu@~0.4.3
599 silly packumentCache full:https://registry.npmjs.org/dasu cache-miss
600 http fetch GET 200 https://registry.npmjs.org/dasu 56ms (cache miss)
601 silly packumentCache full:https://registry.npmjs.org/dasu set size:undefined disposed:false
602 silly fetch manifest boolstring@~2.0.1
603 silly packumentCache full:https://registry.npmjs.org/boolstring cache-miss
604 http fetch GET 200 https://registry.npmjs.org/boolstring 53ms (cache miss)
605 silly packumentCache full:https://registry.npmjs.org/boolstring set size:undefined disposed:false
606 silly fetch manifest human-time@0.0.2
607 silly packumentCache full:https://registry.npmjs.org/human-time cache-miss
608 http fetch GET 200 https://registry.npmjs.org/human-time 50ms (cache miss)
609 silly packumentCache full:https://registry.npmjs.org/human-time set size:undefined disposed:false
610 silly fetch manifest jsonpath-plus@~10.3.0
611 silly packumentCache full:https://registry.npmjs.org/jsonpath-plus cache-miss
612 http fetch GET 200 https://registry.npmjs.org/jsonpath-plus 57ms (cache miss)
613 silly packumentCache full:https://registry.npmjs.org/jsonpath-plus set size:undefined disposed:false
614 silly fetch manifest minimist@~1.2.5
615 silly packumentCache full:https://registry.npmjs.org/minimist cache-miss
616 http fetch GET 200 https://registry.npmjs.org/minimist 55ms (cache miss)
617 silly packumentCache full:https://registry.npmjs.org/minimist set size:undefined disposed:false
618 silly fetch manifest node-fzf@~0.14.0
619 silly packumentCache full:https://registry.npmjs.org/node-fzf cache-miss
620 http fetch GET 200 https://registry.npmjs.org/node-fzf 60ms (cache miss)
621 silly packumentCache full:https://registry.npmjs.org/node-fzf set size:undefined disposed:false
622 silly placeDep ROOT @hapi/hoek@11.0.7 OK for: @hapi/boom@10.0.1 want: ^11.0.2
623 silly placeDep ROOT follow-redirects@1.16.0 OK for: axios@1.20.0 want: ^1.16.0
624 silly placeDep ROOT https-proxy-agent@5.0.1 OK for: axios@1.20.0 want: ^5.0.1
625 silly placeDep ROOT proxy-from-env@2.1.0 OK for: axios@1.20.0 want: ^2.1.0
626 silly fetch manifest debug@4
627 silly packumentCache full:https://registry.npmjs.org/debug cache-miss
628 http fetch GET 200 https://registry.npmjs.org/debug 63ms (cache miss)
629 silly packumentCache full:https://registry.npmjs.org/debug set size:undefined disposed:false
630 silly fetch manifest agent-base@6
631 silly packumentCache full:https://registry.npmjs.org/agent-base cache-miss
632 http fetch GET 200 https://registry.npmjs.org/agent-base 74ms (cache miss)
633 silly packumentCache full:https://registry.npmjs.org/agent-base set size:undefined disposed:false
634 silly fetch manifest bufferutil@^4.0.1
635 silly packumentCache full:https://registry.npmjs.org/bufferutil cache-miss
636 http fetch GET 200 https://registry.npmjs.org/bufferutil 51ms (cache miss)
637 silly packumentCache full:https://registry.npmjs.org/bufferutil set size:undefined disposed:false
638 silly fetch manifest utf-8-validate@>=5.0.2
639 silly packumentCache full:https://registry.npmjs.org/utf-8-validate cache-miss
640 http fetch GET 200 https://registry.npmjs.org/utf-8-validate 71ms (cache miss)
641 silly packumentCache full:https://registry.npmjs.org/utf-8-validate set size:undefined disposed:false
642 silly placeDep ROOT @adiwajshing/keyed-db@0.2.4 OK for: baileys@1.0.0 want: ^0.2.4
643 silly placeDep ROOT @cacheable/node-cache@1.7.6 OK for: baileys@1.0.0 want: ^1.4.0
644 silly placeDep node_modules/baileys @hapi/boom@9.1.4 OK for: baileys@1.0.0 want: ^9.1.3
645 silly placeDep ROOT async-mutex@0.5.0 OK for: baileys@1.0.0 want: ^0.5.0
646 silly placeDep ROOT fflate@0.8.3 OK for: baileys@1.0.0 want: ^0.8.2
647 silly placeDep ROOT libsignal@6.0.0 OK for: baileys@1.0.0 want: git+https://github.com/this-xys/libsignal-node
648 silly placeDep ROOT long@5.3.2 OK for: baileys@1.0.0 want: ^5.2.3
649 silly placeDep ROOT lru-cache@11.5.2 OK for: baileys@1.0.0 want: ^11.2.6
650 silly placeDep ROOT music-metadata@11.15.0 OK for: baileys@1.0.0 want: ^11.12.3
651 silly placeDep ROOT p-queue@9.3.3 OK for: baileys@1.0.0 want: ^9.1.0
652 silly placeDep node_modules/baileys pino@9.14.0 OK for: baileys@1.0.0 want: ^9.6.0
653 silly placeDep ROOT protobufjs@7.6.6 OK for: baileys@1.0.0 want: ^7.5.6
654 silly placeDep ROOT whatsapp-rust-bridge@0.5.5 OK for: baileys@1.0.0 want: 0.5.5
655 silly placeDep ROOT ws@8.21.3 OK for: baileys@1.0.0 want: ^8.19.0
656 silly fetch manifest keyv@^5.5.5
657 silly packumentCache full:https://registry.npmjs.org/keyv cache-miss
658 http fetch GET 200 https://registry.npmjs.org/keyv 64ms (cache miss)
659 silly packumentCache full:https://registry.npmjs.org/keyv set size:undefined disposed:false
660 silly fetch manifest cacheable@^2.3.1
661 silly packumentCache full:https://registry.npmjs.org/cacheable cache-miss
662 http fetch GET 200 https://registry.npmjs.org/cacheable 60ms (cache miss)
663 silly packumentCache full:https://registry.npmjs.org/cacheable set size:undefined disposed:false
664 silly fetch manifest hookified@^1.14.0
665 silly packumentCache full:https://registry.npmjs.org/hookified cache-miss
666 http fetch GET 200 https://registry.npmjs.org/hookified 62ms (cache miss)
667 silly packumentCache full:https://registry.npmjs.org/hookified set size:undefined disposed:false
668 silly fetch manifest @hapi/hoek@9.x.x
669 silly packumentCache full:https://registry.npmjs.org/@hapi%2fhoek cache-miss
670 http cache https://registry.npmjs.org/@hapi%2fhoek 2ms (cache hit)
671 silly packumentCache full:https://registry.npmjs.org/@hapi%2fhoek set size:122440 disposed:false
672 silly fetch manifest tslib@^2.4.0
673 silly packumentCache full:https://registry.npmjs.org/tslib cache-miss
674 http fetch GET 200 https://registry.npmjs.org/tslib 55ms (cache miss)
675 silly packumentCache full:https://registry.npmjs.org/tslib set size:undefined disposed:false
676 silly fetch manifest curve25519-js@^0.0.4
677 silly packumentCache full:https://registry.npmjs.org/curve25519-js cache-miss
678 http fetch GET 200 https://registry.npmjs.org/curve25519-js 58ms (cache miss)
679 silly packumentCache full:https://registry.npmjs.org/curve25519-js set size:undefined disposed:false
680 silly fetch manifest protobufjs@^7.5.5
681 silly packumentCache full:https://registry.npmjs.org/protobufjs cache-miss
682 http cache https://registry.npmjs.org/protobufjs 3ms (cache hit)
683 silly packumentCache full:https://registry.npmjs.org/protobufjs set size:760935 disposed:false
684 silly fetch manifest debug@^4.4.3
685 silly packumentCache full:https://registry.npmjs.org/debug cache-miss
686 http cache https://registry.npmjs.org/debug 2ms (cache hit)
687 silly packumentCache full:https://registry.npmjs.org/debug set size:195840 disposed:false
688 silly fetch manifest strtok3@^10.3.5
689 silly packumentCache full:https://registry.npmjs.org/strtok3 cache-miss
690 http fetch GET 200 https://registry.npmjs.org/strtok3 75ms (cache miss)
691 silly packumentCache full:https://registry.npmjs.org/strtok3 set size:undefined disposed:false
692 silly fetch manifest win-guid@^0.2.1
693 silly packumentCache full:https://registry.npmjs.org/win-guid cache-miss
694 http fetch GET 200 https://registry.npmjs.org/win-guid 58ms (cache miss)
695 silly packumentCache full:https://registry.npmjs.org/win-guid set size:undefined disposed:false
696 silly fetch manifest file-type@^21.3.4
697 silly packumentCache full:https://registry.npmjs.org/file-type cache-miss
698 http fetch GET 200 https://registry.npmjs.org/file-type 94ms (cache miss)
699 silly packumentCache full:https://registry.npmjs.org/file-type set size:undefined disposed:false
700 silly fetch manifest media-typer@^2.0.0
701 silly packumentCache full:https://registry.npmjs.org/media-typer cache-miss
702 http fetch GET 200 https://registry.npmjs.org/media-typer 52ms (cache miss)
703 silly packumentCache full:https://registry.npmjs.org/media-typer set size:undefined disposed:false
704 silly fetch manifest token-types@^6.1.2
705 silly packumentCache full:https://registry.npmjs.org/token-types cache-miss
706 http fetch GET 200 https://registry.npmjs.org/token-types 59ms (cache miss)
707 silly packumentCache full:https://registry.npmjs.org/token-types set size:undefined disposed:false
708 silly fetch manifest content-type@^2.1.0
709 silly packumentCache full:https://registry.npmjs.org/content-type cache-miss
710 http fetch GET 200 https://registry.npmjs.org/content-type 58ms (cache miss)
711 silly packumentCache full:https://registry.npmjs.org/content-type set size:undefined disposed:false
712 silly fetch manifest @tokenizer/token@^0.3.0
713 silly packumentCache full:https://registry.npmjs.org/@tokenizer%2ftoken cache-miss
714 http fetch GET 200 https://registry.npmjs.org/@tokenizer%2ftoken 65ms (cache miss)
715 silly packumentCache full:https://registry.npmjs.org/@tokenizer%2ftoken set size:undefined disposed:false
716 silly fetch manifest uint8array-extras@^1.5.0
717 silly packumentCache full:https://registry.npmjs.org/uint8array-extras cache-miss
718 http fetch GET 200 https://registry.npmjs.org/uint8array-extras 54ms (cache miss)
719 silly packumentCache full:https://registry.npmjs.org/uint8array-extras set size:undefined disposed:false
720 silly fetch manifest @borewit/text-codec@^0.2.2
721 silly packumentCache full:https://registry.npmjs.org/@borewit%2ftext-codec cache-miss
722 http fetch GET 200 https://registry.npmjs.org/@borewit%2ftext-codec 91ms (cache miss)
723 silly packumentCache full:https://registry.npmjs.org/@borewit%2ftext-codec set size:undefined disposed:false
724 silly fetch manifest eventemitter3@^5.0.4
725 silly packumentCache full:https://registry.npmjs.org/eventemitter3 cache-miss
726 http fetch GET 200 https://registry.npmjs.org/eventemitter3 56ms (cache miss)
727 silly packumentCache full:https://registry.npmjs.org/eventemitter3 set size:undefined disposed:false
728 silly fetch manifest p-timeout@^7.0.0
729 silly packumentCache full:https://registry.npmjs.org/p-timeout cache-miss
730 http fetch GET 200 https://registry.npmjs.org/p-timeout 67ms (cache miss)
731 silly packumentCache full:https://registry.npmjs.org/p-timeout set size:undefined disposed:false
732 silly fetch manifest thread-stream@^3.0.0
733 silly packumentCache full:https://registry.npmjs.org/thread-stream cache-miss
734 http cache https://registry.npmjs.org/thread-stream 5ms (cache hit)
735 silly packumentCache full:https://registry.npmjs.org/thread-stream set size:131270 disposed:false
736 silly fetch manifest pino-abstract-transport@^2.0.0
737 silly packumentCache full:https://registry.npmjs.org/pino-abstract-transport cache-miss
738 http cache https://registry.npmjs.org/pino-abstract-transport 2ms (cache hit)
739 silly packumentCache full:https://registry.npmjs.org/pino-abstract-transport set size:28649 disposed:false
740 silly fetch manifest @types/node@>=13.7.0
741 silly packumentCache full:https://registry.npmjs.org/@types%2fnode cache-miss
742 http fetch GET 200 https://registry.npmjs.org/@types%2fnode 288ms (cache miss)
743 silly packumentCache full:https://registry.npmjs.org/@types%2fnode set size:undefined disposed:false
744 silly fetch manifest @protobufjs/path@^1.1.2
745 silly packumentCache full:https://registry.npmjs.org/@protobufjs%2fpath cache-miss
746 http fetch GET 200 https://registry.npmjs.org/@protobufjs%2fpath 72ms (cache miss)
747 silly packumentCache full:https://registry.npmjs.org/@protobufjs%2fpath set size:undefined disposed:false
748 silly fetch manifest @protobufjs/pool@^1.1.0
749 silly packumentCache full:https://registry.npmjs.org/@protobufjs%2fpool cache-miss
750 http fetch GET 200 https://registry.npmjs.org/@protobufjs%2fpool 70ms (cache miss)
751 silly packumentCache full:https://registry.npmjs.org/@protobufjs%2fpool set size:undefined disposed:false
752 silly fetch manifest @protobufjs/utf8@^1.1.1
753 silly packumentCache full:https://registry.npmjs.org/@protobufjs%2futf8 cache-miss
754 http fetch GET 200 https://registry.npmjs.org/@protobufjs%2futf8 70ms (cache miss)
755 silly packumentCache full:https://registry.npmjs.org/@protobufjs%2futf8 set size:undefined disposed:false
756 silly fetch manifest @protobufjs/fetch@^1.1.1
757 silly packumentCache full:https://registry.npmjs.org/@protobufjs%2ffetch cache-miss
758 http fetch GET 200 https://registry.npmjs.org/@protobufjs%2ffetch 75ms (cache miss)
759 silly packumentCache full:https://registry.npmjs.org/@protobufjs%2ffetch set size:undefined disposed:false
760 silly fetch manifest @protobufjs/float@^1.0.2
761 silly packumentCache full:https://registry.npmjs.org/@protobufjs%2ffloat cache-miss
762 http fetch GET 200 https://registry.npmjs.org/@protobufjs%2ffloat 81ms (cache miss)
763 silly packumentCache full:https://registry.npmjs.org/@protobufjs%2ffloat set size:undefined disposed:false
764 silly fetch manifest @protobufjs/base64@^1.1.2
765 silly packumentCache full:https://registry.npmjs.org/@protobufjs%2fbase64 cache-miss
766 http fetch GET 200 https://registry.npmjs.org/@protobufjs%2fbase64 68ms (cache miss)
767 silly packumentCache full:https://registry.npmjs.org/@protobufjs%2fbase64 set size:undefined disposed:false
768 silly fetch manifest @protobufjs/codegen@^2.0.5
769 silly packumentCache full:https://registry.npmjs.org/@protobufjs%2fcodegen cache-miss
770 http fetch GET 200 https://registry.npmjs.org/@protobufjs%2fcodegen 68ms (cache miss)
771 silly packumentCache full:https://registry.npmjs.org/@protobufjs%2fcodegen set size:undefined disposed:false
772 silly fetch manifest @protobufjs/aspromise@^1.1.2
773 silly packumentCache full:https://registry.npmjs.org/@protobufjs%2faspromise cache-miss
774 http fetch GET 200 https://registry.npmjs.org/@protobufjs%2faspromise 68ms (cache miss)
775 silly packumentCache full:https://registry.npmjs.org/@protobufjs%2faspromise set size:undefined disposed:false
776 silly fetch manifest @protobufjs/eventemitter@^1.1.1
777 silly packumentCache full:https://registry.npmjs.org/@protobufjs%2feventemitter cache-miss
778 http fetch GET 200 https://registry.npmjs.org/@protobufjs%2feventemitter 74ms (cache miss)
779 silly packumentCache full:https://registry.npmjs.org/@protobufjs%2feventemitter set size:undefined disposed:false
780 silly placeDep ROOT cacheable@2.5.0 OK for: @cacheable/node-cache@1.7.6 want: ^2.3.1
781 silly placeDep ROOT hookified@1.15.1 OK for: @cacheable/node-cache@1.7.6 want: ^1.14.0
782 silly placeDep ROOT keyv@5.6.0 OK for: @cacheable/node-cache@1.7.6 want: ^5.5.5
783 silly fetch manifest keyv@^5.6.0
784 silly packumentCache full:https://registry.npmjs.org/keyv cache-miss
785 http cache https://registry.npmjs.org/keyv 5ms (cache hit)
786 silly packumentCache full:https://registry.npmjs.org/keyv set size:227033 disposed:false
787 silly fetch manifest qified@^0.10.1
788 silly packumentCache full:https://registry.npmjs.org/qified cache-miss
789 http fetch GET 200 https://registry.npmjs.org/qified 59ms (cache miss)
790 silly packumentCache full:https://registry.npmjs.org/qified set size:undefined disposed:false
791 silly fetch manifest hookified@^1.15.0
792 silly packumentCache full:https://registry.npmjs.org/hookified cache-miss
793 http cache https://registry.npmjs.org/hookified 3ms (cache hit)
794 silly packumentCache full:https://registry.npmjs.org/hookified set size:164181 disposed:false
795 silly fetch manifest @cacheable/utils@^2.5.0
796 silly packumentCache full:https://registry.npmjs.org/@cacheable%2futils cache-miss
797 http fetch GET 200 https://registry.npmjs.org/@cacheable%2futils 81ms (cache miss)
798 silly packumentCache full:https://registry.npmjs.org/@cacheable%2futils set size:undefined disposed:false
799 silly fetch manifest @cacheable/memory@^2.2.0
800 silly packumentCache full:https://registry.npmjs.org/@cacheable%2fmemory cache-miss
801 http fetch GET 200 https://registry.npmjs.org/@cacheable%2fmemory 121ms (cache miss)
802 silly packumentCache full:https://registry.npmjs.org/@cacheable%2fmemory set size:undefined disposed:false
803 silly fetch manifest @keyv/serialize@^1.1.1
804 silly packumentCache full:https://registry.npmjs.org/@keyv%2fserialize cache-miss
805 http fetch GET 200 https://registry.npmjs.org/@keyv%2fserialize 85ms (cache miss)
806 silly packumentCache full:https://registry.npmjs.org/@keyv%2fserialize set size:undefined disposed:false
807 silly placeDep ROOT tslib@2.8.1 OK for: async-mutex@0.5.0 want: ^2.4.0
808 silly placeDep ROOT @cacheable/memory@2.2.0 OK for: cacheable@2.5.0 want: ^2.2.0
809 silly placeDep ROOT @cacheable/utils@2.5.0 OK for: cacheable@2.5.0 want: ^2.5.0
810 silly placeDep ROOT qified@0.10.1 OK for: cacheable@2.5.0 want: ^0.10.1
811 silly fetch manifest @keyv/bigmap@^1.3.1
812 silly packumentCache full:https://registry.npmjs.org/@keyv%2fbigmap cache-miss
813 http fetch GET 200 https://registry.npmjs.org/@keyv%2fbigmap 76ms (cache miss)
814 silly packumentCache full:https://registry.npmjs.org/@keyv%2fbigmap set size:undefined disposed:false
815 silly fetch manifest hashery@^1.5.1
816 silly packumentCache full:https://registry.npmjs.org/hashery cache-miss
817 http fetch GET 200 https://registry.npmjs.org/hashery 51ms (cache miss)
818 silly packumentCache full:https://registry.npmjs.org/hashery set size:undefined disposed:false
819 silly fetch manifest hookified@^2.1.1
820 silly packumentCache full:https://registry.npmjs.org/hookified cache-hit
821 silly placeDep ROOT @keyv/bigmap@1.3.1 OK for: @cacheable/memory@2.2.0 want: ^1.3.1
822 silly fetch manifest hashery@^1.4.0
823 silly packumentCache full:https://registry.npmjs.org/hashery cache-miss
824 http cache https://registry.npmjs.org/hashery 3ms (cache hit)
825 silly packumentCache full:https://registry.npmjs.org/hashery set size:29616 disposed:false
826 silly placeDep ROOT hashery@1.5.1 OK for: @cacheable/utils@2.5.0 want: ^1.5.1
827 silly placeDep ROOT ansi-styles@4.3.0 OK for: chalk@4.1.2 want: ^4.1.0
828 silly placeDep ROOT supports-color@7.2.0 OK for: chalk@4.1.2 want: ^7.1.0
829 silly fetch manifest color-convert@^2.0.1
830 silly packumentCache full:https://registry.npmjs.org/color-convert cache-miss
831 http fetch GET 200 https://registry.npmjs.org/color-convert 78ms (cache miss)
832 silly packumentCache full:https://registry.npmjs.org/color-convert set size:undefined disposed:false
833 silly fetch manifest has-flag@^4.0.0
834 silly packumentCache full:https://registry.npmjs.org/has-flag cache-miss
835 http fetch GET 200 https://registry.npmjs.org/has-flag 49ms (cache miss)
836 silly packumentCache full:https://registry.npmjs.org/has-flag set size:undefined disposed:false
837 silly placeDep ROOT color-convert@2.0.1 OK for: ansi-styles@4.3.0 want: ^2.0.1
838 silly fetch manifest color-name@~1.1.4
839 silly packumentCache full:https://registry.npmjs.org/color-name cache-miss
840 http fetch GET 200 https://registry.npmjs.org/color-name 72ms (cache miss)
841 silly packumentCache full:https://registry.npmjs.org/color-name set size:undefined disposed:false
842 silly placeDep ROOT color-name@1.1.4 OK for: color-convert@2.0.1 want: ~1.1.4
843 silly placeDep ROOT async@0.2.10 OK for: fluent-ffmpeg@2.1.3 want: ^0.2.9
844 silly placeDep ROOT which@1.3.1 OK for: fluent-ffmpeg@2.1.3 want: ^1.1.1
845 silly fetch manifest isexe@^2.0.0
846 silly packumentCache full:https://registry.npmjs.org/isexe cache-miss
847 http fetch GET 200 https://registry.npmjs.org/isexe 51ms (cache miss)
848 silly packumentCache full:https://registry.npmjs.org/isexe set size:undefined disposed:false
849 silly placeDep ROOT asynckit@0.4.0 OK for: form-data@4.0.6 want: ^0.4.0
850 silly placeDep ROOT combined-stream@1.0.8 OK for: form-data@4.0.6 want: ^1.0.8
851 silly placeDep ROOT es-set-tostringtag@2.1.0 OK for: form-data@4.0.6 want: ^2.1.0
852 silly placeDep ROOT hasown@2.0.4 OK for: form-data@4.0.6 want: ^2.0.4
853 silly placeDep node_modules/form-data mime-types@2.1.35 OK for: form-data@4.0.6 want: ^2.1.35
854 silly fetch manifest delayed-stream@~1.0.0
855 silly packumentCache full:https://registry.npmjs.org/delayed-stream cache-miss
856 http fetch GET 200 https://registry.npmjs.org/delayed-stream 61ms (cache miss)
857 silly packumentCache full:https://registry.npmjs.org/delayed-stream set size:undefined disposed:false
858 silly fetch manifest es-errors@^1.3.0
859 silly packumentCache full:https://registry.npmjs.org/es-errors cache-miss
860 http fetch GET 200 https://registry.npmjs.org/es-errors 52ms (cache miss)
861 silly packumentCache full:https://registry.npmjs.org/es-errors set size:undefined disposed:false
862 silly fetch manifest get-intrinsic@^1.2.6
863 silly packumentCache full:https://registry.npmjs.org/get-intrinsic cache-miss
864 http fetch GET 200 https://registry.npmjs.org/get-intrinsic 78ms (cache miss)
865 silly packumentCache full:https://registry.npmjs.org/get-intrinsic set size:undefined disposed:false
866 silly fetch manifest has-tostringtag@^1.0.2
867 silly packumentCache full:https://registry.npmjs.org/has-tostringtag cache-miss
868 http fetch GET 200 https://registry.npmjs.org/has-tostringtag 53ms (cache miss)
869 silly packumentCache full:https://registry.npmjs.org/has-tostringtag set size:undefined disposed:false
870 silly fetch manifest hasown@^2.0.2
871 silly packumentCache full:https://registry.npmjs.org/hasown cache-miss
872 http cache https://registry.npmjs.org/hasown 2ms (cache hit)
873 silly packumentCache full:https://registry.npmjs.org/hasown set size:18361 disposed:false
874 silly fetch manifest function-bind@^1.1.2
875 silly packumentCache full:https://registry.npmjs.org/function-bind cache-miss
876 http fetch GET 200 https://registry.npmjs.org/function-bind 72ms (cache miss)
877 silly packumentCache full:https://registry.npmjs.org/function-bind set size:undefined disposed:false
878 silly fetch manifest mime-db@1.52.0
879 silly packumentCache full:https://registry.npmjs.org/mime-db cache-miss
880 http cache https://registry.npmjs.org/mime-db 5ms (cache hit)
881 silly packumentCache full:https://registry.npmjs.org/mime-db set size:164953 disposed:false
882 silly placeDep ROOT delayed-stream@1.0.0 OK for: combined-stream@1.0.8 want: ~1.0.0
883 silly placeDep ROOT es-errors@1.3.0 OK for: es-set-tostringtag@2.1.0 want: ^1.3.0
884 silly placeDep ROOT get-intrinsic@1.3.0 OK for: es-set-tostringtag@2.1.0 want: ^1.2.6
885 silly placeDep ROOT has-tostringtag@1.0.2 OK for: es-set-tostringtag@2.1.0 want: ^1.0.2
886 silly fetch manifest gopd@^1.2.0
887 silly packumentCache full:https://registry.npmjs.org/gopd cache-miss
888 http fetch GET 200 https://registry.npmjs.org/gopd 54ms (cache miss)
889 silly packumentCache full:https://registry.npmjs.org/gopd set size:undefined disposed:false
890 silly fetch manifest get-proto@^1.0.1
891 silly packumentCache full:https://registry.npmjs.org/get-proto cache-miss
892 http fetch GET 200 https://registry.npmjs.org/get-proto 68ms (cache miss)
893 silly packumentCache full:https://registry.npmjs.org/get-proto set size:undefined disposed:false
894 silly fetch manifest has-symbols@^1.1.0
895 silly packumentCache full:https://registry.npmjs.org/has-symbols cache-miss
896 http fetch GET 200 https://registry.npmjs.org/has-symbols 57ms (cache miss)
897 silly packumentCache full:https://registry.npmjs.org/has-symbols set size:undefined disposed:false
898 silly fetch manifest es-object-atoms@^1.1.1
899 silly packumentCache full:https://registry.npmjs.org/es-object-atoms cache-miss
900 http fetch GET 200 https://registry.npmjs.org/es-object-atoms 71ms (cache miss)
901 silly packumentCache full:https://registry.npmjs.org/es-object-atoms set size:undefined disposed:false
902 silly fetch manifest math-intrinsics@^1.1.0
903 silly packumentCache full:https://registry.npmjs.org/math-intrinsics cache-miss
904 http fetch GET 200 https://registry.npmjs.org/math-intrinsics 53ms (cache miss)
905 silly packumentCache full:https://registry.npmjs.org/math-intrinsics set size:undefined disposed:false
906 silly fetch manifest es-define-property@^1.0.1
907 silly packumentCache full:https://registry.npmjs.org/es-define-property cache-miss
908 http fetch GET 200 https://registry.npmjs.org/es-define-property 82ms (cache miss)
909 silly packumentCache full:https://registry.npmjs.org/es-define-property set size:undefined disposed:false
910 silly fetch manifest call-bind-apply-helpers@^1.0.2
911 silly packumentCache full:https://registry.npmjs.org/call-bind-apply-helpers cache-miss
912 http fetch GET 200 https://registry.npmjs.org/call-bind-apply-helpers 54ms (cache miss)
913 silly packumentCache full:https://registry.npmjs.org/call-bind-apply-helpers set size:undefined disposed:false
914 silly fetch manifest has-symbols@^1.0.3
915 silly packumentCache full:https://registry.npmjs.org/has-symbols cache-miss
916 http cache https://registry.npmjs.org/has-symbols 2ms (cache hit)
917 silly packumentCache full:https://registry.npmjs.org/has-symbols set size:21550 disposed:false
918 silly placeDep ROOT call-bind-apply-helpers@1.0.2 OK for: get-intrinsic@1.3.0 want: ^1.0.2
919 silly placeDep ROOT es-define-property@1.0.1 OK for: get-intrinsic@1.3.0 want: ^1.0.1
920 silly placeDep ROOT es-object-atoms@1.1.2 OK for: get-intrinsic@1.3.0 want: ^1.1.1
921 silly placeDep ROOT function-bind@1.1.2 OK for: get-intrinsic@1.3.0 want: ^1.1.2
922 silly placeDep ROOT get-proto@1.0.1 OK for: get-intrinsic@1.3.0 want: ^1.0.1
923 silly placeDep ROOT gopd@1.2.0 OK for: get-intrinsic@1.3.0 want: ^1.2.0
924 silly placeDep ROOT has-symbols@1.1.0 OK for: get-intrinsic@1.3.0 want: ^1.1.0
925 silly placeDep ROOT math-intrinsics@1.1.0 OK for: get-intrinsic@1.3.0 want: ^1.1.0
926 silly fetch manifest dunder-proto@^1.0.1
927 silly packumentCache full:https://registry.npmjs.org/dunder-proto cache-miss
928 http fetch GET 200 https://registry.npmjs.org/dunder-proto 129ms (cache miss)
929 silly packumentCache full:https://registry.npmjs.org/dunder-proto set size:undefined disposed:false
930 silly placeDep ROOT dunder-proto@1.0.1 OK for: get-proto@1.0.1 want: ^1.0.1
931 silly placeDep ROOT tinygradient@1.1.5 OK for: gradient-string@2.0.2 want: ^1.1.5
932 silly fetch manifest tinycolor2@^1.0.0
933 silly packumentCache full:https://registry.npmjs.org/tinycolor2 cache-miss
934 http fetch GET 200 https://registry.npmjs.org/tinycolor2 57ms (cache miss)
935 silly packumentCache full:https://registry.npmjs.org/tinycolor2 set size:undefined disposed:false
936 silly fetch manifest @types/tinycolor2@^1.4.0
937 silly packumentCache full:https://registry.npmjs.org/@types%2ftinycolor2 cache-miss
938 http fetch GET 200 https://registry.npmjs.org/@types%2ftinycolor2 72ms (cache miss)
939 silly packumentCache full:https://registry.npmjs.org/@types%2ftinycolor2 set size:undefined disposed:false
940 silly placeDep ROOT agent-base@6.0.2 OK for: https-proxy-agent@5.0.1 want: 6
941 silly placeDep ROOT debug@4.4.3 OK for: https-proxy-agent@5.0.1 want: 4
942 silly fetch manifest ms@^2.1.3
943 silly packumentCache full:https://registry.npmjs.org/ms cache-miss
944 http fetch GET 200 https://registry.npmjs.org/ms 61ms (cache miss)
945 silly packumentCache full:https://registry.npmjs.org/ms set size:undefined disposed:false
946 silly placeDep ROOT ms@2.1.3 OK for: debug@4.4.3 want: ^2.1.3
947 silly placeDep ROOT @jimp/core@1.6.1 OK for: jimp@1.6.1 want: 1.6.1
948 silly placeDep ROOT @jimp/diff@1.6.1 OK for: jimp@1.6.1 want: 1.6.1
949 silly placeDep ROOT @jimp/js-bmp@1.6.1 OK for: jimp@1.6.1 want: 1.6.1
950 silly placeDep ROOT @jimp/js-gif@1.6.1 OK for: jimp@1.6.1 want: 1.6.1
951 silly placeDep ROOT @jimp/js-jpeg@1.6.1 OK for: jimp@1.6.1 want: 1.6.1
952 silly placeDep ROOT @jimp/js-png@1.6.1 OK for: jimp@1.6.1 want: 1.6.1
953 silly placeDep ROOT @jimp/js-tiff@1.6.1 OK for: jimp@1.6.1 want: 1.6.1
954 silly placeDep ROOT @jimp/plugin-blit@1.6.1 OK for: jimp@1.6.1 want: 1.6.1
955 silly placeDep ROOT @jimp/plugin-blur@1.6.1 OK for: jimp@1.6.1 want: 1.6.1
956 silly placeDep ROOT @jimp/plugin-circle@1.6.1 OK for: jimp@1.6.1 want: 1.6.1
957 silly placeDep ROOT @jimp/plugin-color@1.6.1 OK for: jimp@1.6.1 want: 1.6.1
958 silly placeDep ROOT @jimp/plugin-contain@1.6.1 OK for: jimp@1.6.1 want: 1.6.1
959 silly placeDep ROOT @jimp/plugin-cover@1.6.1 OK for: jimp@1.6.1 want: 1.6.1
960 silly placeDep ROOT @jimp/plugin-crop@1.6.1 OK for: jimp@1.6.1 want: 1.6.1
961 silly placeDep ROOT @jimp/plugin-displace@1.6.1 OK for: jimp@1.6.1 want: 1.6.1
962 silly placeDep ROOT @jimp/plugin-dither@1.6.1 OK for: jimp@1.6.1 want: 1.6.1
963 silly placeDep ROOT @jimp/plugin-fisheye@1.6.1 OK for: jimp@1.6.1 want: 1.6.1
964 silly placeDep ROOT @jimp/plugin-flip@1.6.1 OK for: jimp@1.6.1 want: 1.6.1
965 silly placeDep ROOT @jimp/plugin-hash@1.6.1 OK for: jimp@1.6.1 want: 1.6.1
966 silly placeDep ROOT @jimp/plugin-mask@1.6.1 OK for: jimp@1.6.1 want: 1.6.1
967 silly placeDep ROOT @jimp/plugin-print@1.6.1 OK for: jimp@1.6.1 want: 1.6.1
968 silly placeDep ROOT @jimp/plugin-quantize@1.6.1 OK for: jimp@1.6.1 want: 1.6.1
969 silly placeDep ROOT @jimp/plugin-resize@1.6.1 OK for: jimp@1.6.1 want: 1.6.1
970 silly placeDep ROOT @jimp/plugin-rotate@1.6.1 OK for: jimp@1.6.1 want: 1.6.1
971 silly placeDep ROOT @jimp/plugin-threshold@1.6.1 OK for: jimp@1.6.1 want: 1.6.1
972 silly placeDep ROOT @jimp/types@1.6.1 OK for: jimp@1.6.1 want: 1.6.1
973 silly placeDep ROOT @jimp/utils@1.6.1 OK for: jimp@1.6.1 want: 1.6.1
974 silly fetch manifest @jimp/file-ops@1.6.1
975 silly packumentCache full:https://registry.npmjs.org/@jimp%2ffile-ops cache-miss
976 http fetch GET 200 https://registry.npmjs.org/@jimp%2ffile-ops 89ms (cache miss)
977 silly packumentCache full:https://registry.npmjs.org/@jimp%2ffile-ops set size:undefined disposed:false
978 silly fetch manifest await-to-js@^3.0.0
979 silly packumentCache full:https://registry.npmjs.org/await-to-js cache-miss
980 http fetch GET 200 https://registry.npmjs.org/await-to-js 55ms (cache miss)
981 silly packumentCache full:https://registry.npmjs.org/await-to-js set size:undefined disposed:false
982 silly fetch manifest exif-parser@^0.1.12
983 silly packumentCache full:https://registry.npmjs.org/exif-parser cache-miss
984 http fetch GET 200 https://registry.npmjs.org/exif-parser 77ms (cache miss)
985 silly packumentCache full:https://registry.npmjs.org/exif-parser set size:undefined disposed:false
986 silly fetch manifest file-type@^21.3.3
987 silly packumentCache full:https://registry.npmjs.org/file-type cache-miss
988 http cache https://registry.npmjs.org/file-type 3ms (cache hit)
989 silly packumentCache full:https://registry.npmjs.org/file-type set size:562034 disposed:false
990 silly fetch manifest mime@3
991 silly packumentCache full:https://registry.npmjs.org/mime cache-miss
992 http fetch GET 200 https://registry.npmjs.org/mime 63ms (cache miss)
993 silly packumentCache full:https://registry.npmjs.org/mime set size:undefined disposed:false
994 silly fetch manifest pixelmatch@^5.3.0
995 silly packumentCache full:https://registry.npmjs.org/pixelmatch cache-miss
996 http fetch GET 200 https://registry.npmjs.org/pixelmatch 61ms (cache miss)
997 silly packumentCache full:https://registry.npmjs.org/pixelmatch set size:undefined disposed:false
998 silly fetch manifest bmp-ts@^1.0.9
999 silly packumentCache full:https://registry.npmjs.org/bmp-ts cache-miss
1000 http fetch GET 200 https://registry.npmjs.org/bmp-ts 68ms (cache miss)
1001 silly packumentCache full:https://registry.npmjs.org/bmp-ts set size:undefined disposed:false
1002 silly fetch manifest gifwrap@^0.10.1
1003 silly packumentCache full:https://registry.npmjs.org/gifwrap cache-miss
1004 http fetch GET 200 https://registry.npmjs.org/gifwrap 70ms (cache miss)
1005 silly packumentCache full:https://registry.npmjs.org/gifwrap set size:undefined disposed:false
1006 silly fetch manifest omggif@^1.0.10
1007 silly packumentCache full:https://registry.npmjs.org/omggif cache-miss
1008 http fetch GET 200 https://registry.npmjs.org/omggif 59ms (cache miss)
1009 silly packumentCache full:https://registry.npmjs.org/omggif set size:undefined disposed:false
1010 silly fetch manifest jpeg-js@^0.4.4
1011 silly packumentCache full:https://registry.npmjs.org/jpeg-js cache-miss
1012 http fetch GET 200 https://registry.npmjs.org/jpeg-js 73ms (cache miss)
1013 silly packumentCache full:https://registry.npmjs.org/jpeg-js set size:undefined disposed:false
1014 silly fetch manifest pngjs@^7.0.0
1015 silly packumentCache full:https://registry.npmjs.org/pngjs cache-miss
1016 http cache https://registry.npmjs.org/pngjs 5ms (cache hit)
1017 silly packumentCache full:https://registry.npmjs.org/pngjs set size:70154 disposed:false
1018 silly fetch manifest utif2@^4.1.0
1019 silly packumentCache full:https://registry.npmjs.org/utif2 cache-miss
1020 http fetch GET 200 https://registry.npmjs.org/utif2 57ms (cache miss)
1021 silly packumentCache full:https://registry.npmjs.org/utif2 set size:undefined disposed:false
1022 silly fetch manifest zod@^3.23.8
1023 silly packumentCache full:https://registry.npmjs.org/zod cache-miss
1024 http fetch GET 200 https://registry.npmjs.org/zod 132ms (cache miss)
1025 silly packumentCache full:https://registry.npmjs.org/zod set size:undefined disposed:false
1026 silly fetch manifest tinycolor2@^1.6.0
1027 silly packumentCache full:https://registry.npmjs.org/tinycolor2 cache-miss
1028 http cache https://registry.npmjs.org/tinycolor2 3ms (cache hit)
1029 silly packumentCache full:https://registry.npmjs.org/tinycolor2 set size:200459 disposed:false
1030 silly fetch manifest any-base@^1.1.0
1031 silly packumentCache full:https://registry.npmjs.org/any-base cache-miss
1032 http fetch GET 200 https://registry.npmjs.org/any-base 53ms (cache miss)
1033 silly packumentCache full:https://registry.npmjs.org/any-base set size:undefined disposed:false
1034 silly fetch manifest parse-bmfont-ascii@^1.0.6
1035 silly packumentCache full:https://registry.npmjs.org/parse-bmfont-ascii cache-miss
1036 http fetch GET 200 https://registry.npmjs.org/parse-bmfont-ascii 53ms (cache miss)
1037 silly packumentCache full:https://registry.npmjs.org/parse-bmfont-ascii set size:undefined disposed:false
1038 silly fetch manifest parse-bmfont-binary@^1.0.6
1039 silly packumentCache full:https://registry.npmjs.org/parse-bmfont-binary cache-miss
1040 http fetch GET 200 https://registry.npmjs.org/parse-bmfont-binary 58ms (cache miss)
1041 silly packumentCache full:https://registry.npmjs.org/parse-bmfont-binary set size:undefined disposed:false
1042 silly fetch manifest parse-bmfont-xml@^1.1.6
1043 silly packumentCache full:https://registry.npmjs.org/parse-bmfont-xml cache-miss
1044 http fetch GET 200 https://registry.npmjs.org/parse-bmfont-xml 52ms (cache miss)
1045 silly packumentCache full:https://registry.npmjs.org/parse-bmfont-xml set size:undefined disposed:false
1046 silly fetch manifest simple-xml-to-json@^1.2.2
1047 silly packumentCache full:https://registry.npmjs.org/simple-xml-to-json cache-miss
1048 http fetch GET 200 https://registry.npmjs.org/simple-xml-to-json 110ms (cache miss)
1049 silly packumentCache full:https://registry.npmjs.org/simple-xml-to-json set size:undefined disposed:false
1050 silly fetch manifest image-q@^4.0.0
1051 silly packumentCache full:https://registry.npmjs.org/image-q cache-miss
1052 http fetch GET 200 https://registry.npmjs.org/image-q 67ms (cache miss)
1053 silly packumentCache full:https://registry.npmjs.org/image-q set size:undefined disposed:false
1054 silly placeDep ROOT @jimp/file-ops@1.6.1 OK for: @jimp/core@1.6.1 want: 1.6.1
1055 silly placeDep ROOT await-to-js@3.0.0 OK for: @jimp/core@1.6.1 want: ^3.0.0
1056 silly placeDep ROOT exif-parser@0.1.12 OK for: @jimp/core@1.6.1 want: ^0.1.12
1057 silly placeDep ROOT file-type@21.3.4 OK for: @jimp/core@1.6.1 want: ^21.3.3
1058 silly placeDep ROOT mime@3.0.0 OK for: @jimp/core@1.6.1 want: 3
1059 silly fetch manifest strtok3@^10.3.4
1060 silly packumentCache full:https://registry.npmjs.org/strtok3 cache-miss
1061 http cache https://registry.npmjs.org/strtok3 2ms (cache hit)
1062 silly packumentCache full:https://registry.npmjs.org/strtok3 set size:412240 disposed:false
1063 silly fetch manifest token-types@^6.1.1
1064 silly packumentCache full:https://registry.npmjs.org/token-types cache-miss
1065 http cache https://registry.npmjs.org/token-types 4ms (cache hit)
1066 silly packumentCache full:https://registry.npmjs.org/token-types set size:155133 disposed:false
1067 silly fetch manifest uint8array-extras@^1.4.0
1068 silly packumentCache full:https://registry.npmjs.org/uint8array-extras cache-miss
1069 http cache https://registry.npmjs.org/uint8array-extras 3ms (cache hit)
1070 silly packumentCache full:https://registry.npmjs.org/uint8array-extras set size:36606 disposed:false
1071 silly fetch manifest @tokenizer/inflate@^0.4.1
1072 silly packumentCache full:https://registry.npmjs.org/@tokenizer%2finflate cache-miss
1073 http fetch GET 200 https://registry.npmjs.org/@tokenizer%2finflate 112ms (cache miss)
1074 silly packumentCache full:https://registry.npmjs.org/@tokenizer%2finflate set size:undefined disposed:false
1075 silly placeDep ROOT pixelmatch@5.3.0 OK for: @jimp/diff@1.6.1 want: ^5.3.0
1076 silly fetch manifest pngjs@^6.0.0
1077 silly packumentCache full:https://registry.npmjs.org/pngjs cache-hit
1078 silly placeDep ROOT bmp-ts@1.0.9 OK for: @jimp/js-bmp@1.6.1 want: ^1.0.9
1079 silly placeDep ROOT gifwrap@0.10.1 OK for: @jimp/js-gif@1.6.1 want: ^0.10.1
1080 silly placeDep ROOT omggif@1.0.10 OK for: @jimp/js-gif@1.6.1 want: ^1.0.10
1081 silly placeDep ROOT jpeg-js@0.4.4 OK for: @jimp/js-jpeg@1.6.1 want: ^0.4.4
1082 silly placeDep ROOT pngjs@7.0.0 OK for: @jimp/js-png@1.6.1 want: ^7.0.0
1083 silly placeDep ROOT utif2@4.1.0 OK for: @jimp/js-tiff@1.6.1 want: ^4.1.0
1084 silly fetch manifest pako@^1.0.11
1085 silly packumentCache full:https://registry.npmjs.org/pako cache-miss
1086 http fetch GET 200 https://registry.npmjs.org/pako 59ms (cache miss)
1087 silly packumentCache full:https://registry.npmjs.org/pako set size:undefined disposed:false
1088 silly placeDep ROOT zod@3.25.76 OK for: @jimp/plugin-blit@1.6.1 want: ^3.23.8
1089 silly placeDep ROOT tinycolor2@1.6.0 OK for: @jimp/plugin-color@1.6.1 want: ^1.6.0
1090 silly placeDep ROOT any-base@1.1.0 OK for: @jimp/plugin-hash@1.6.1 want: ^1.1.0
1091 silly placeDep ROOT parse-bmfont-ascii@1.0.6 OK for: @jimp/plugin-print@1.6.1 want: ^1.0.6
1092 silly placeDep ROOT parse-bmfont-binary@1.0.6 OK for: @jimp/plugin-print@1.6.1 want: ^1.0.6
1093 silly placeDep ROOT parse-bmfont-xml@1.1.6 OK for: @jimp/plugin-print@1.6.1 want: ^1.1.6
1094 silly placeDep ROOT simple-xml-to-json@1.2.7 OK for: @jimp/plugin-print@1.6.1 want: ^1.2.2
1095 silly fetch manifest xml-parse-from-string@^1.0.0
1096 silly packumentCache full:https://registry.npmjs.org/xml-parse-from-string cache-miss
1097 http fetch GET 200 https://registry.npmjs.org/xml-parse-from-string 62ms (cache miss)
1098 silly packumentCache full:https://registry.npmjs.org/xml-parse-from-string set size:undefined disposed:false
1099 silly fetch manifest xml2js@^0.5.0
1100 silly packumentCache full:https://registry.npmjs.org/xml2js cache-miss
1101 http fetch GET 200 https://registry.npmjs.org/xml2js 55ms (cache miss)
1102 silly packumentCache full:https://registry.npmjs.org/xml2js set size:undefined disposed:false
1103 silly placeDep ROOT image-q@4.0.0 OK for: @jimp/plugin-quantize@1.6.1 want: ^4.0.0
1104 silly fetch manifest @types/node@16.9.1
1105 silly packumentCache full:https://registry.npmjs.org/@types%2fnode cache-miss
1106 http cache https://registry.npmjs.org/@types%2fnode 17ms (cache hit)
1107 silly packumentCache full:https://registry.npmjs.org/@types%2fnode set size:11103927 disposed:false
1108 silly placeDep ROOT @tokenizer/inflate@0.4.1 OK for: file-type@21.3.4 want: ^0.4.1
1109 silly placeDep ROOT strtok3@10.3.5 OK for: file-type@21.3.4 want: ^10.3.4
1110 silly placeDep ROOT token-types@6.1.2 OK for: file-type@21.3.4 want: ^6.1.1
1111 silly placeDep ROOT uint8array-extras@1.5.0 OK for: file-type@21.3.4 want: ^1.4.0
1112 silly fetch manifest @borewit/text-codec@^0.2.1
1113 silly packumentCache full:https://registry.npmjs.org/@borewit%2ftext-codec cache-miss
1114 http cache https://registry.npmjs.org/@borewit%2ftext-codec 3ms (cache hit)
1115 silly packumentCache full:https://registry.npmjs.org/@borewit%2ftext-codec set size:15427 disposed:false
1116 silly fetch manifest ieee754@^1.2.1
1117 silly packumentCache full:https://registry.npmjs.org/ieee754 cache-miss
1118 http fetch GET 200 https://registry.npmjs.org/ieee754 59ms (cache miss)
1119 silly packumentCache full:https://registry.npmjs.org/ieee754 set size:undefined disposed:false
1120 silly placeDep ROOT @types/node@16.9.1 OK for: image-q@4.0.0 want: 16.9.1
1121 silly placeDep ROOT @keyv/serialize@1.1.1 OK for: keyv@5.6.0 want: ^1.1.1
1122 silly placeDep ROOT curve25519-js@0.0.4 OK for: libsignal@6.0.0 want: ^0.0.4
1123 silly placeDep ROOT mime-db@1.54.0 OK for: mime-types@3.0.2 want: ^1.54.0
1124 silly placeDep ROOT @borewit/text-codec@0.2.2 OK for: music-metadata@11.15.0 want: ^0.2.2
1125 silly placeDep ROOT @tokenizer/token@0.3.0 OK for: music-metadata@11.15.0 want: ^0.3.0
1126 silly placeDep ROOT content-type@2.1.0 OK for: music-metadata@11.15.0 want: ^2.1.0
1127 silly placeDep ROOT media-typer@2.0.0 OK for: music-metadata@11.15.0 want: ^2.0.0
1128 silly placeDep ROOT win-guid@0.2.1 OK for: music-metadata@11.15.0 want: ^0.2.1
1129 silly placeDep ROOT clone@2.1.2 OK for: node-cache@5.1.2 want: 2.x
1130 silly placeDep ROOT whatwg-url@5.0.0 OK for: node-fetch@2.7.0 want: ^5.0.0
1131 silly fetch manifest tr46@~0.0.3
1132 silly packumentCache full:https://registry.npmjs.org/tr46 cache-miss
1133 http fetch GET 200 https://registry.npmjs.org/tr46 58ms (cache miss)
1134 silly packumentCache full:https://registry.npmjs.org/tr46 set size:undefined disposed:false
1135 silly fetch manifest webidl-conversions@^3.0.0
1136 silly packumentCache full:https://registry.npmjs.org/webidl-conversions cache-miss
1137 http fetch GET 200 https://registry.npmjs.org/webidl-conversions 56ms (cache miss)
1138 silly packumentCache full:https://registry.npmjs.org/webidl-conversions set size:undefined disposed:false
1139 silly placeDep ROOT eventemitter3@5.0.4 OK for: p-queue@9.3.3 want: ^5.0.4
1140 silly placeDep ROOT p-timeout@7.0.1 OK for: p-queue@9.3.3 want: ^7.0.0
1141 silly placeDep ROOT xml-parse-from-string@1.0.1 OK for: parse-bmfont-xml@1.1.6 want: ^1.0.0
1142 silly placeDep ROOT xml2js@0.5.0 OK for: parse-bmfont-xml@1.1.6 want: ^0.5.0
1143 silly fetch manifest sax@>=0.6.0
1144 silly packumentCache full:https://registry.npmjs.org/sax cache-miss
1145 http fetch GET 200 https://registry.npmjs.org/sax 59ms (cache miss)
1146 silly packumentCache full:https://registry.npmjs.org/sax set size:undefined disposed:false
1147 silly fetch manifest xmlbuilder@~11.0.0
1148 silly packumentCache full:https://registry.npmjs.org/xmlbuilder cache-miss
1149 http fetch GET 200 https://registry.npmjs.org/xmlbuilder 68ms (cache miss)
1150 silly packumentCache full:https://registry.npmjs.org/xmlbuilder set size:undefined disposed:false
1151 silly placeDep ROOT @pinojs/redact@0.4.0 OK for: pino@10.3.1 want: ^0.4.0
1152 silly placeDep ROOT atomic-sleep@1.0.0 OK for: pino@10.3.1 want: ^1.0.0
1153 silly placeDep ROOT on-exit-leak-free@2.1.2 OK for: pino@10.3.1 want: ^2.1.0
1154 silly placeDep ROOT pino-abstract-transport@3.0.0 OK for: pino@10.3.1 want: ^3.0.0
1155 silly placeDep ROOT pino-std-serializers@7.1.0 OK for: pino@10.3.1 want: ^7.0.0
1156 silly placeDep ROOT process-warning@5.1.0 OK for: pino@10.3.1 want: ^5.0.0
1157 silly placeDep ROOT quick-format-unescaped@4.0.4 OK for: pino@10.3.1 want: ^4.0.3
1158 silly placeDep ROOT real-require@0.2.0 OK for: pino@10.3.1 want: ^0.2.0
1159 silly placeDep ROOT safe-stable-stringify@2.5.0 OK for: pino@10.3.1 want: ^2.3.1
1160 silly placeDep ROOT sonic-boom@4.2.1 OK for: pino@10.3.1 want: ^4.0.1
1161 silly placeDep ROOT thread-stream@4.2.0 OK for: pino@10.3.1 want: ^4.0.0
1162 silly fetch manifest split2@^4.0.0
1163 silly packumentCache full:https://registry.npmjs.org/split2 cache-miss
1164 http fetch GET 200 https://registry.npmjs.org/split2 52ms (cache miss)
1165 silly packumentCache full:https://registry.npmjs.org/split2 set size:undefined disposed:false
1166 silly fetch manifest real-require@^1.0.0
1167 silly packumentCache full:https://registry.npmjs.org/real-require cache-miss
1168 http cache https://registry.npmjs.org/real-require 3ms (cache hit)
1169 silly packumentCache full:https://registry.npmjs.org/real-require set size:10846 disposed:false
1170 silly placeDep ROOT split2@4.2.0 OK for: pino-abstract-transport@3.0.0 want: ^4.0.0
1171 silly placeDep node_modules/pixelmatch pngjs@6.0.0 OK for: pixelmatch@5.3.0 want: ^6.0.0
1172 silly placeDep ROOT @protobufjs/aspromise@1.1.2 OK for: protobufjs@7.6.6 want: ^1.1.2
1173 silly placeDep ROOT @protobufjs/base64@1.1.2 OK for: protobufjs@7.6.6 want: ^1.1.2
1174 silly placeDep ROOT @protobufjs/codegen@2.0.5 OK for: protobufjs@7.6.6 want: ^2.0.5
1175 silly placeDep ROOT @protobufjs/eventemitter@1.1.1 OK for: protobufjs@7.6.6 want: ^1.1.1
1176 silly placeDep ROOT @protobufjs/fetch@1.1.1 OK for: protobufjs@7.6.6 want: ^1.1.1
1177 silly placeDep ROOT @protobufjs/float@1.0.2 OK for: protobufjs@7.6.6 want: ^1.0.2
1178 silly placeDep ROOT @protobufjs/path@1.1.2 OK for: protobufjs@7.6.6 want: ^1.1.2
1179 silly placeDep ROOT @protobufjs/pool@1.1.0 OK for: protobufjs@7.6.6 want: ^1.1.0
1180 silly placeDep ROOT @protobufjs/utf8@1.1.2 OK for: protobufjs@7.6.6 want: ^1.1.1
1181 silly placeDep node_modules/qified hookified@2.2.0 OK for: qified@0.10.1 want: ^2.1.1
1182 silly placeDep ROOT dijkstrajs@1.0.3 OK for: qrcode@1.5.4 want: ^1.0.1
1183 silly placeDep node_modules/qrcode pngjs@5.0.0 OK for: qrcode@1.5.4 want: ^5.0.0
1184 silly placeDep node_modules/qrcode yargs@15.4.1 OK for: qrcode@1.5.4 want: ^15.3.1
1185 silly fetch manifest y18n@^4.0.0
1186 silly packumentCache full:https://registry.npmjs.org/y18n cache-miss
1187 http cache https://registry.npmjs.org/y18n 3ms (cache hit)
1188 silly packumentCache full:https://registry.npmjs.org/y18n set size:76206 disposed:false
1189 silly fetch manifest cliui@^6.0.0
1190 silly packumentCache full:https://registry.npmjs.org/cliui cache-miss
1191 http cache https://registry.npmjs.org/cliui 2ms (cache hit)
1192 silly packumentCache full:https://registry.npmjs.org/cliui set size:69089 disposed:false
1193 silly fetch manifest find-up@^4.1.0
1194 silly packumentCache full:https://registry.npmjs.org/find-up cache-miss
1195 http fetch GET 200 https://registry.npmjs.org/find-up 56ms (cache miss)
1196 silly packumentCache full:https://registry.npmjs.org/find-up set size:undefined disposed:false
1197 silly fetch manifest decamelize@^1.2.0
1198 silly packumentCache full:https://registry.npmjs.org/decamelize cache-miss
1199 http fetch GET 200 https://registry.npmjs.org/decamelize 57ms (cache miss)
1200 silly packumentCache full:https://registry.npmjs.org/decamelize set size:undefined disposed:false
1201 silly fetch manifest set-blocking@^2.0.0
1202 silly packumentCache full:https://registry.npmjs.org/set-blocking cache-miss
1203 http fetch GET 200 https://registry.npmjs.org/set-blocking 63ms (cache miss)
1204 silly packumentCache full:https://registry.npmjs.org/set-blocking set size:undefined disposed:false
1205 silly fetch manifest string-width@^4.2.0
1206 silly packumentCache full:https://registry.npmjs.org/string-width cache-miss
1207 http cache https://registry.npmjs.org/string-width 2ms (cache hit)
1208 silly packumentCache full:https://registry.npmjs.org/string-width set size:72458 disposed:false
1209 silly fetch manifest which-module@^2.0.0
1210 silly packumentCache full:https://registry.npmjs.org/which-module cache-miss
1211 http fetch GET 200 https://registry.npmjs.org/which-module 61ms (cache miss)
1212 silly packumentCache full:https://registry.npmjs.org/which-module set size:undefined disposed:false
1213 silly fetch manifest yargs-parser@^18.1.2
1214 silly packumentCache full:https://registry.npmjs.org/yargs-parser cache-miss
1215 http cache https://registry.npmjs.org/yargs-parser 2ms (cache hit)
1216 silly packumentCache full:https://registry.npmjs.org/yargs-parser set size:238681 disposed:false
1217 silly fetch manifest get-caller-file@^2.0.1
1218 silly packumentCache full:https://registry.npmjs.org/get-caller-file cache-miss
1219 http cache https://registry.npmjs.org/get-caller-file 2ms (cache hit)
1220 silly packumentCache full:https://registry.npmjs.org/get-caller-file set size:26456 disposed:false
1221 silly fetch manifest require-directory@^2.1.1
1222 silly packumentCache full:https://registry.npmjs.org/require-directory cache-miss
1223 http fetch GET 200 https://registry.npmjs.org/require-directory 83ms (cache miss)
1224 silly packumentCache full:https://registry.npmjs.org/require-directory set size:undefined disposed:false
1225 silly fetch manifest require-main-filename@^2.0.0
1226 silly packumentCache full:https://registry.npmjs.org/require-main-filename cache-miss
1227 http fetch GET 200 https://registry.npmjs.org/require-main-filename 59ms (cache miss)
1228 silly packumentCache full:https://registry.npmjs.org/require-main-filename set size:undefined disposed:false
1229 silly placeDep ROOT @img/colour@1.1.0 OK for: sharp@0.35.4 want: ^1.1.0
1230 silly placeDep ROOT @img/sharp-darwin-arm64@0.35.4 OK for: sharp@0.35.4 want: 0.35.4
1231 silly placeDep ROOT @img/sharp-darwin-x64@0.35.4 OK for: sharp@0.35.4 want: 0.35.4
1232 silly placeDep ROOT @img/sharp-freebsd-wasm32@0.35.4 OK for: sharp@0.35.4 want: 0.35.4
1233 silly placeDep ROOT @img/sharp-libvips-darwin-arm64@1.3.3 OK for: sharp@0.35.4 want: 1.3.3
1234 silly placeDep ROOT @img/sharp-libvips-darwin-x64@1.3.3 OK for: sharp@0.35.4 want: 1.3.3
1235 silly placeDep ROOT @img/sharp-libvips-linux-arm@1.3.3 OK for: sharp@0.35.4 want: 1.3.3
1236 silly placeDep ROOT @img/sharp-libvips-linux-arm64@1.3.3 OK for: sharp@0.35.4 want: 1.3.3
1237 silly placeDep ROOT @img/sharp-libvips-linux-ppc64@1.3.3 OK for: sharp@0.35.4 want: 1.3.3
1238 silly placeDep ROOT @img/sharp-libvips-linux-riscv64@1.3.3 OK for: sharp@0.35.4 want: 1.3.3
1239 silly placeDep ROOT @img/sharp-libvips-linux-s390x@1.3.3 OK for: sharp@0.35.4 want: 1.3.3
1240 silly placeDep ROOT @img/sharp-libvips-linux-x64@1.3.3 OK for: sharp@0.35.4 want: 1.3.3
1241 silly placeDep ROOT @img/sharp-libvips-linuxmusl-arm64@1.3.3 OK for: sharp@0.35.4 want: 1.3.3
1242 silly placeDep ROOT @img/sharp-libvips-linuxmusl-x64@1.3.3 OK for: sharp@0.35.4 want: 1.3.3
1243 silly placeDep ROOT @img/sharp-linux-arm@0.35.4 OK for: sharp@0.35.4 want: 0.35.4
1244 silly placeDep ROOT @img/sharp-linux-arm64@0.35.4 OK for: sharp@0.35.4 want: 0.35.4
1245 silly placeDep ROOT @img/sharp-linux-ppc64@0.35.4 OK for: sharp@0.35.4 want: 0.35.4
1246 silly placeDep ROOT @img/sharp-linux-riscv64@0.35.4 OK for: sharp@0.35.4 want: 0.35.4
1247 silly placeDep ROOT @img/sharp-linux-s390x@0.35.4 OK for: sharp@0.35.4 want: 0.35.4
1248 silly placeDep ROOT @img/sharp-linux-x64@0.35.4 OK for: sharp@0.35.4 want: 0.35.4
1249 silly placeDep ROOT @img/sharp-linuxmusl-arm64@0.35.4 OK for: sharp@0.35.4 want: 0.35.4
1250 silly placeDep ROOT @img/sharp-linuxmusl-x64@0.35.4 OK for: sharp@0.35.4 want: 0.35.4
1251 silly placeDep ROOT @img/sharp-webcontainers-wasm32@0.35.4 OK for: sharp@0.35.4 want: 0.35.4
1252 silly placeDep ROOT @img/sharp-win32-arm64@0.35.4 OK for: sharp@0.35.4 want: 0.35.4
1253 silly placeDep ROOT @img/sharp-win32-ia32@0.35.4 OK for: sharp@0.35.4 want: 0.35.4
1254 silly placeDep ROOT @img/sharp-win32-x64@0.35.4 OK for: sharp@0.35.4 want: 0.35.4
1255 silly placeDep ROOT detect-libc@2.1.2 OK for: sharp@0.35.4 want: ^2.1.2
1256 silly placeDep ROOT semver@7.8.5 OK for: sharp@0.35.4 want: ^7.8.5
1257 silly fetch manifest @img/sharp-wasm32@0.35.4
1258 silly packumentCache full:https://registry.npmjs.org/@img%2fsharp-wasm32 cache-miss
1259 http fetch GET 200 https://registry.npmjs.org/@img%2fsharp-wasm32 91ms (cache miss)
1260 silly packumentCache full:https://registry.npmjs.org/@img%2fsharp-wasm32 set size:undefined disposed:false
1261 silly placeDep ROOT @img/sharp-wasm32@0.35.4 OK for: @img/sharp-freebsd-wasm32@0.35.4 want: 0.35.4
1262 silly fetch manifest @emnapi/runtime@^1.11.3
1263 silly packumentCache full:https://registry.npmjs.org/@emnapi%2fruntime cache-miss
1264 http fetch GET 200 https://registry.npmjs.org/@emnapi%2fruntime 96ms (cache miss)
1265 silly packumentCache full:https://registry.npmjs.org/@emnapi%2fruntime set size:undefined disposed:false
1266 silly placeDep ROOT @emnapi/runtime@1.11.3 OK for: @img/sharp-wasm32@0.35.4 want: ^1.11.3
1267 silly placeDep ROOT has-flag@4.0.0 OK for: supports-color@7.2.0 want: ^4.0.0
1268 silly placeDep ROOT acorn-node@1.8.2 OK for: syntax-error@1.4.0 want: ^1.2.0
1269 silly fetch manifest acorn@^7.0.0
1270 silly packumentCache full:https://registry.npmjs.org/acorn cache-miss
1271 http fetch GET 200 https://registry.npmjs.org/acorn 74ms (cache miss)
1272 silly packumentCache full:https://registry.npmjs.org/acorn set size:undefined disposed:false
1273 silly fetch manifest acorn-walk@^7.0.0
1274 silly packumentCache full:https://registry.npmjs.org/acorn-walk cache-miss
1275 http fetch GET 200 https://registry.npmjs.org/acorn-walk 68ms (cache miss)
1276 silly packumentCache full:https://registry.npmjs.org/acorn-walk set size:undefined disposed:false
1277 silly fetch manifest xtend@^4.0.2
1278 silly packumentCache full:https://registry.npmjs.org/xtend cache-miss
1279 http fetch GET 200 https://registry.npmjs.org/xtend 55ms (cache miss)
1280 silly packumentCache full:https://registry.npmjs.org/xtend set size:undefined disposed:false
1281 silly placeDep ROOT acorn@7.4.1 OK for: acorn-node@1.8.2 want: ^7.0.0
1282 silly placeDep ROOT acorn-walk@7.2.0 OK for: acorn-node@1.8.2 want: ^7.0.0
1283 silly placeDep ROOT xtend@4.0.2 OK for: acorn-node@1.8.2 want: ^4.0.2
1284 silly placeDep node_modules/thread-stream real-require@1.0.0 OK for: thread-stream@4.2.0 want: ^1.0.0
1285 silly placeDep ROOT @types/tinycolor2@1.4.6 OK for: tinygradient@1.1.5 want: ^1.4.0
1286 silly placeDep ROOT ieee754@1.2.1 OK for: token-types@6.1.2 want: ^1.2.1
1287 silly placeDep ROOT pako@1.0.11 OK for: utif2@4.1.0 want: ^1.0.11
1288 silly placeDep ROOT tr46@0.0.3 OK for: whatwg-url@5.0.0 want: ~0.0.3
1289 silly placeDep ROOT webidl-conversions@3.0.1 OK for: whatwg-url@5.0.0 want: ^3.0.0
1290 silly placeDep ROOT isexe@2.0.0 OK for: which@1.3.1 want: ^2.0.0
1291 silly placeDep ROOT sax@1.6.1 OK for: xml2js@0.5.0 want: >=0.6.0
1292 silly placeDep ROOT xmlbuilder@11.0.1 OK for: xml2js@0.5.0 want: ~11.0.0
1293 silly placeDep ROOT cliui@9.0.1 OK for: yargs@18.1.0 want: ^9.0.1
1294 silly placeDep ROOT escalade@3.2.0 OK for: yargs@18.1.0 want: ^3.1.1
1295 silly placeDep ROOT get-caller-file@2.0.5 OK for: yargs@18.1.0 want: ^2.0.5
1296 silly placeDep ROOT string-width@8.2.2 OK for: yargs@18.1.0 want: ^8.2.1
1297 silly placeDep ROOT y18n@5.0.8 OK for: yargs@18.1.0 want: ^5.0.5
1298 silly placeDep ROOT yargs-parser@22.0.0 OK for: yargs@18.1.0 want: ^22.0.0
1299 silly fetch manifest string-width@^7.2.0
1300 silly packumentCache full:https://registry.npmjs.org/string-width cache-hit
1301 silly fetch manifest strip-ansi@^7.1.0
1302 silly packumentCache full:https://registry.npmjs.org/strip-ansi cache-miss
1303 http fetch GET 200 https://registry.npmjs.org/strip-ansi 56ms (cache miss)
1304 silly packumentCache full:https://registry.npmjs.org/strip-ansi set size:undefined disposed:false
1305 silly fetch manifest wrap-ansi@^9.0.0
1306 silly packumentCache full:https://registry.npmjs.org/wrap-ansi cache-miss
1307 http fetch GET 200 https://registry.npmjs.org/wrap-ansi 59ms (cache miss)
1308 silly packumentCache full:https://registry.npmjs.org/wrap-ansi set size:undefined disposed:false
1309 silly fetch manifest get-east-asian-width@^1.5.0
1310 silly packumentCache full:https://registry.npmjs.org/get-east-asian-width cache-miss
1311 http fetch GET 200 https://registry.npmjs.org/get-east-asian-width 52ms (cache miss)
1312 silly packumentCache full:https://registry.npmjs.org/get-east-asian-width set size:undefined disposed:false
1313 silly fetch manifest strip-ansi@^7.1.2
1314 silly packumentCache full:https://registry.npmjs.org/strip-ansi cache-miss
1315 http cache https://registry.npmjs.org/strip-ansi 2ms (cache hit)
1316 silly packumentCache full:https://registry.npmjs.org/strip-ansi set size:44998 disposed:false
1317 silly placeDep node_modules/cliui string-width@7.2.0 OK for: cliui@9.0.1 want: ^7.2.0
1318 silly placeDep ROOT strip-ansi@7.2.0 OK for: cliui@9.0.1 want: ^7.1.0
1319 silly placeDep ROOT wrap-ansi@9.0.2 OK for: cliui@9.0.1 want: ^9.0.0
1320 silly fetch manifest emoji-regex@^10.3.0
1321 silly packumentCache full:https://registry.npmjs.org/emoji-regex cache-miss
1322 http fetch GET 200 https://registry.npmjs.org/emoji-regex 60ms (cache miss)
1323 silly packumentCache full:https://registry.npmjs.org/emoji-regex set size:undefined disposed:false
1324 silly fetch manifest get-east-asian-width@^1.0.0
1325 silly packumentCache full:https://registry.npmjs.org/get-east-asian-width cache-miss
1326 http cache https://registry.npmjs.org/get-east-asian-width 2ms (cache hit)
1327 silly packumentCache full:https://registry.npmjs.org/get-east-asian-width set size:20538 disposed:false
1328 silly fetch manifest ansi-regex@^6.2.2
1329 silly packumentCache full:https://registry.npmjs.org/ansi-regex cache-miss
1330 http fetch GET 200 https://registry.npmjs.org/ansi-regex 76ms (cache miss)
1331 silly packumentCache full:https://registry.npmjs.org/ansi-regex set size:undefined disposed:false
1332 silly fetch manifest ansi-styles@^6.2.1
1333 silly packumentCache full:https://registry.npmjs.org/ansi-styles cache-miss
1334 http cache https://registry.npmjs.org/ansi-styles 2ms (cache hit)
1335 silly packumentCache full:https://registry.npmjs.org/ansi-styles set size:71772 disposed:false
1336 silly fetch manifest string-width@^7.0.0
1337 silly packumentCache full:https://registry.npmjs.org/string-width cache-hit
1338 silly placeDep ROOT get-east-asian-width@1.6.0 OK for: string-width@8.2.2 want: ^1.5.0
1339 silly placeDep ROOT ansi-regex@6.3.0 OK for: strip-ansi@7.2.0 want: ^6.2.2
1340 silly placeDep node_modules/wrap-ansi ansi-styles@6.2.3 OK for: wrap-ansi@9.0.2 want: ^6.2.1
1341 silly placeDep node_modules/wrap-ansi string-width@7.2.0 OK for: wrap-ansi@9.0.2 want: ^7.0.0
1342 silly placeDep ROOT async.parallellimit@0.5.2 OK for: yt-search@2.13.1 want: ~0.5.2
1343 silly placeDep ROOT boolstring@2.0.1 OK for: yt-search@2.13.1 want: ~2.0.1
1344 silly placeDep ROOT cheerio@1.2.0 OK for: yt-search@2.13.1 want: ^1.0.0-rc.10
1345 silly placeDep ROOT dasu@0.4.3 OK for: yt-search@2.13.1 want: ~0.4.3
1346 silly placeDep ROOT human-time@0.0.2 OK for: yt-search@2.13.1 want: 0.0.2
1347 silly placeDep ROOT jsonpath-plus@10.3.0 OK for: yt-search@2.13.1 want: ~10.3.0
1348 silly placeDep ROOT minimist@1.2.8 OK for: yt-search@2.13.1 want: ~1.2.5
1349 silly placeDep ROOT node-fzf@0.14.0 OK for: yt-search@2.13.1 want: ~0.14.0
1350 silly fetch manifest async.util.eachoflimit@0.5.2
1351 silly packumentCache full:https://registry.npmjs.org/async.util.eachoflimit cache-miss
1352 http fetch GET 200 https://registry.npmjs.org/async.util.eachoflimit 61ms (cache miss)
1353 silly packumentCache full:https://registry.npmjs.org/async.util.eachoflimit set size:undefined disposed:false
1354 silly fetch manifest async.util.parallel@0.5.2
1355 silly packumentCache full:https://registry.npmjs.org/async.util.parallel cache-miss
1356 http fetch GET 200 https://registry.npmjs.org/async.util.parallel 116ms (cache miss)
1357 silly packumentCache full:https://registry.npmjs.org/async.util.parallel set size:undefined disposed:false
1358 silly fetch manifest parse5@^7.3.0
1359 silly packumentCache full:https://registry.npmjs.org/parse5 cache-miss
1360 http fetch GET 200 https://registry.npmjs.org/parse5 61ms (cache miss)
1361 silly packumentCache full:https://registry.npmjs.org/parse5 set size:undefined disposed:false
1362 silly fetch manifest undici@^7.19.0
1363 silly packumentCache full:https://registry.npmjs.org/undici cache-miss
1364 http fetch GET 200 https://registry.npmjs.org/undici 91ms (cache miss)
1365 silly packumentCache full:https://registry.npmjs.org/undici set size:undefined disposed:false
1366 silly fetch manifest domutils@^3.2.2
1367 silly packumentCache full:https://registry.npmjs.org/domutils cache-miss
1368 http fetch GET 200 https://registry.npmjs.org/domutils 70ms (cache miss)
1369 silly packumentCache full:https://registry.npmjs.org/domutils set size:undefined disposed:false
1370 silly fetch manifest domhandler@^5.0.3
1371 silly packumentCache full:https://registry.npmjs.org/domhandler cache-miss
1372 http fetch GET 200 https://registry.npmjs.org/domhandler 60ms (cache miss)
1373 silly packumentCache full:https://registry.npmjs.org/domhandler set size:undefined disposed:false
1374 silly fetch manifest htmlparser2@^10.1.0
1375 silly packumentCache full:https://registry.npmjs.org/htmlparser2 cache-miss
1376 http fetch GET 200 https://registry.npmjs.org/htmlparser2 72ms (cache miss)
1377 silly packumentCache full:https://registry.npmjs.org/htmlparser2 set size:undefined disposed:false
1378 silly fetch manifest cheerio-select@^2.1.0
1379 silly packumentCache full:https://registry.npmjs.org/cheerio-select cache-miss
1380 http fetch GET 200 https://registry.npmjs.org/cheerio-select 54ms (cache miss)
1381 silly packumentCache full:https://registry.npmjs.org/cheerio-select set size:undefined disposed:false
1382 silly fetch manifest dom-serializer@^2.0.0
1383 silly packumentCache full:https://registry.npmjs.org/dom-serializer cache-miss
1384 http fetch GET 200 https://registry.npmjs.org/dom-serializer 64ms (cache miss)
1385 silly packumentCache full:https://registry.npmjs.org/dom-serializer set size:undefined disposed:false
1386 silly fetch manifest whatwg-mimetype@^4.0.0
1387 silly packumentCache full:https://registry.npmjs.org/whatwg-mimetype cache-miss
1388 http fetch GET 200 https://registry.npmjs.org/whatwg-mimetype 56ms (cache miss)
1389 silly packumentCache full:https://registry.npmjs.org/whatwg-mimetype set size:undefined disposed:false
1390 silly fetch manifest encoding-sniffer@^0.2.1
1391 silly packumentCache full:https://registry.npmjs.org/encoding-sniffer cache-miss
1392 http fetch GET 200 https://registry.npmjs.org/encoding-sniffer 56ms (cache miss)
1393 silly packumentCache full:https://registry.npmjs.org/encoding-sniffer set size:undefined disposed:false
1394 silly fetch manifest parse5-parser-stream@^7.1.2
1395 silly packumentCache full:https://registry.npmjs.org/parse5-parser-stream cache-miss
1396 http fetch GET 200 https://registry.npmjs.org/parse5-parser-stream 62ms (cache miss)
1397 silly packumentCache full:https://registry.npmjs.org/parse5-parser-stream set size:undefined disposed:false
1398 silly fetch manifest parse5-htmlparser2-tree-adapter@^7.1.0
1399 silly packumentCache full:https://registry.npmjs.org/parse5-htmlparser2-tree-adapter cache-miss
1400 http fetch GET 200 https://registry.npmjs.org/parse5-htmlparser2-tree-adapter 60ms (cache miss)
1401 silly packumentCache full:https://registry.npmjs.org/parse5-htmlparser2-tree-adapter set size:undefined disposed:false
1402 silly fetch manifest jsep@^1.4.0
1403 silly packumentCache full:https://registry.npmjs.org/jsep cache-miss
1404 http fetch GET 200 https://registry.npmjs.org/jsep 64ms (cache miss)
1405 silly packumentCache full:https://registry.npmjs.org/jsep set size:undefined disposed:false
1406 silly fetch manifest @jsep-plugin/regex@^1.0.4
1407 silly packumentCache full:https://registry.npmjs.org/@jsep-plugin%2fregex cache-miss
1408 http fetch GET 200 https://registry.npmjs.org/@jsep-plugin%2fregex 90ms (cache miss)
1409 silly packumentCache full:https://registry.npmjs.org/@jsep-plugin%2fregex set size:undefined disposed:false
1410 silly fetch manifest @jsep-plugin/assignment@^1.3.0
1411 silly packumentCache full:https://registry.npmjs.org/@jsep-plugin%2fassignment cache-miss
1412 http fetch GET 200 https://registry.npmjs.org/@jsep-plugin%2fassignment 67ms (cache miss)
1413 silly packumentCache full:https://registry.npmjs.org/@jsep-plugin%2fassignment set size:undefined disposed:false
1414 silly fetch manifest keypress@~0.2.1
1415 silly packumentCache full:https://registry.npmjs.org/keypress cache-miss
1416 http fetch GET 200 https://registry.npmjs.org/keypress 51ms (cache miss)
1417 silly packumentCache full:https://registry.npmjs.org/keypress set size:undefined disposed:false
1418 silly fetch manifest picocolors@~1.1.1
1419 silly packumentCache full:https://registry.npmjs.org/picocolors cache-miss
1420 http fetch GET 200 https://registry.npmjs.org/picocolors 51ms (cache miss)
1421 silly packumentCache full:https://registry.npmjs.org/picocolors set size:undefined disposed:false
1422 silly fetch manifest redstar@0.0.2
1423 silly packumentCache full:https://registry.npmjs.org/redstar cache-miss
1424 http fetch GET 200 https://registry.npmjs.org/redstar 99ms (cache miss)
1425 silly packumentCache full:https://registry.npmjs.org/redstar set size:undefined disposed:false
1426 silly fetch manifest restore-cursor@~3.1.0
1427 silly packumentCache full:https://registry.npmjs.org/restore-cursor cache-miss
1428 http fetch GET 200 https://registry.npmjs.org/restore-cursor 58ms (cache miss)
1429 silly packumentCache full:https://registry.npmjs.org/restore-cursor set size:undefined disposed:false
1430 silly fetch manifest string-width@~2.1.1
1431 silly packumentCache full:https://registry.npmjs.org/string-width cache-hit
1432 silly fetch manifest ttys@0.0.3
1433 silly packumentCache full:https://registry.npmjs.org/ttys cache-miss
1434 http fetch GET 200 https://registry.npmjs.org/ttys 117ms (cache miss)
1435 silly packumentCache full:https://registry.npmjs.org/ttys set size:undefined disposed:false
1436 silly placeDep ROOT async.util.eachoflimit@0.5.2 OK for: async.parallellimit@0.5.2 want: 0.5.2
1437 silly placeDep ROOT async.util.parallel@0.5.2 OK for: async.parallellimit@0.5.2 want: 0.5.2
1438 silly fetch manifest async.util.keyiterator@0.5.2
1439 silly packumentCache full:https://registry.npmjs.org/async.util.keyiterator cache-miss
1440 http fetch GET 200 https://registry.npmjs.org/async.util.keyiterator 55ms (cache miss)
1441 silly packumentCache full:https://registry.npmjs.org/async.util.keyiterator set size:undefined disposed:false
1442 silly fetch manifest async.util.noop@0.5.2
1443 silly packumentCache full:https://registry.npmjs.org/async.util.noop cache-miss
1444 http fetch GET 200 https://registry.npmjs.org/async.util.noop 73ms (cache miss)
1445 silly packumentCache full:https://registry.npmjs.org/async.util.noop set size:undefined disposed:false
1446 silly fetch manifest async.util.once@0.5.2
1447 silly packumentCache full:https://registry.npmjs.org/async.util.once cache-miss
1448 http fetch GET 200 https://registry.npmjs.org/async.util.once 50ms (cache miss)
1449 silly packumentCache full:https://registry.npmjs.org/async.util.once set size:undefined disposed:false
1450 silly fetch manifest async.util.onlyonce@0.5.2
1451 silly packumentCache full:https://registry.npmjs.org/async.util.onlyonce cache-miss
1452 http fetch GET 200 https://registry.npmjs.org/async.util.onlyonce 58ms (cache miss)
1453 silly packumentCache full:https://registry.npmjs.org/async.util.onlyonce set size:undefined disposed:false
1454 silly fetch manifest async.util.isarraylike@0.5.2
1455 silly packumentCache full:https://registry.npmjs.org/async.util.isarraylike cache-miss
1456 http fetch GET 200 https://registry.npmjs.org/async.util.isarraylike 57ms (cache miss)
1457 silly packumentCache full:https://registry.npmjs.org/async.util.isarraylike set size:undefined disposed:false
1458 silly fetch manifest async.util.restparam@0.5.2
1459 silly packumentCache full:https://registry.npmjs.org/async.util.restparam cache-miss
1460 http fetch GET 200 https://registry.npmjs.org/async.util.restparam 53ms (cache miss)
1461 silly packumentCache full:https://registry.npmjs.org/async.util.restparam set size:undefined disposed:false
1462 silly placeDep ROOT async.util.keyiterator@0.5.2 OK for: async.util.eachoflimit@0.5.2 want: 0.5.2
1463 silly placeDep ROOT async.util.noop@0.5.2 OK for: async.util.eachoflimit@0.5.2 want: 0.5.2
1464 silly placeDep ROOT async.util.once@0.5.2 OK for: async.util.eachoflimit@0.5.2 want: 0.5.2
1465 silly placeDep ROOT async.util.onlyonce@0.5.2 OK for: async.util.eachoflimit@0.5.2 want: 0.5.2
1466 silly fetch manifest async.util.keys@0.5.2
1467 silly packumentCache full:https://registry.npmjs.org/async.util.keys cache-miss
1468 http fetch GET 200 https://registry.npmjs.org/async.util.keys 55ms (cache miss)
1469 silly packumentCache full:https://registry.npmjs.org/async.util.keys set size:undefined disposed:false
1470 silly placeDep ROOT async.util.isarraylike@0.5.2 OK for: async.util.keyiterator@0.5.2 want: 0.5.2
1471 silly placeDep ROOT async.util.keys@0.5.2 OK for: async.util.keyiterator@0.5.2 want: 0.5.2
1472 silly fetch manifest async.util.isarray@0.5.2
1473 silly packumentCache full:https://registry.npmjs.org/async.util.isarray cache-miss
1474 http fetch GET 200 https://registry.npmjs.org/async.util.isarray 71ms (cache miss)
1475 silly packumentCache full:https://registry.npmjs.org/async.util.isarray set size:undefined disposed:false
1476 silly placeDep ROOT async.util.isarray@0.5.2 OK for: async.util.isarraylike@0.5.2 want: 0.5.2
1477 silly placeDep ROOT async.util.restparam@0.5.2 OK for: async.util.parallel@0.5.2 want: 0.5.2
1478 silly placeDep ROOT cheerio-select@2.1.0 OK for: cheerio@1.2.0 want: ^2.1.0
1479 silly placeDep ROOT dom-serializer@2.0.0 OK for: cheerio@1.2.0 want: ^2.0.0
1480 silly placeDep ROOT domhandler@5.0.3 OK for: cheerio@1.2.0 want: ^5.0.3
1481 silly placeDep ROOT domutils@3.2.2 OK for: cheerio@1.2.0 want: ^3.2.2
1482 silly placeDep ROOT encoding-sniffer@0.2.1 OK for: cheerio@1.2.0 want: ^0.2.1
1483 silly placeDep ROOT htmlparser2@10.1.0 OK for: cheerio@1.2.0 want: ^10.1.0
1484 silly placeDep ROOT parse5@7.3.0 OK for: cheerio@1.2.0 want: ^7.3.0
1485 silly placeDep ROOT parse5-htmlparser2-tree-adapter@7.1.0 OK for: cheerio@1.2.0 want: ^7.1.0
1486 silly placeDep ROOT parse5-parser-stream@7.1.2 OK for: cheerio@1.2.0 want: ^7.1.2
1487 silly placeDep ROOT undici@7.29.1 OK for: cheerio@1.2.0 want: ^7.19.0
1488 silly placeDep ROOT whatwg-mimetype@4.0.0 OK for: cheerio@1.2.0 want: ^4.0.0
1489 silly fetch manifest boolbase@^1.0.0
1490 silly packumentCache full:https://registry.npmjs.org/boolbase cache-miss
1491 http fetch GET 200 https://registry.npmjs.org/boolbase 55ms (cache miss)
1492 silly packumentCache full:https://registry.npmjs.org/boolbase set size:undefined disposed:false
1493 silly fetch manifest css-what@^6.1.0
1494 silly packumentCache full:https://registry.npmjs.org/css-what cache-miss
1495 http fetch GET 200 https://registry.npmjs.org/css-what 54ms (cache miss)
1496 silly packumentCache full:https://registry.npmjs.org/css-what set size:undefined disposed:false
1497 silly fetch manifest domutils@^3.0.1
1498 silly packumentCache full:https://registry.npmjs.org/domutils cache-miss
1499 http cache https://registry.npmjs.org/domutils 2ms (cache hit)
1500 silly packumentCache full:https://registry.npmjs.org/domutils set size:110068 disposed:false
1501 silly fetch manifest css-select@^5.1.0
1502 silly packumentCache full:https://registry.npmjs.org/css-select cache-miss
1503 http fetch GET 200 https://registry.npmjs.org/css-select 54ms (cache miss)
1504 silly packumentCache full:https://registry.npmjs.org/css-select set size:undefined disposed:false
1505 silly fetch manifest domelementtype@^2.3.0
1506 silly packumentCache full:https://registry.npmjs.org/domelementtype cache-miss
1507 http fetch GET 200 https://registry.npmjs.org/domelementtype 53ms (cache miss)
1508 silly packumentCache full:https://registry.npmjs.org/domelementtype set size:undefined disposed:false
1509 silly fetch manifest entities@^4.2.0
1510 silly packumentCache full:https://registry.npmjs.org/entities cache-miss
1511 http fetch GET 200 https://registry.npmjs.org/entities 69ms (cache miss)
1512 silly packumentCache full:https://registry.npmjs.org/entities set size:undefined disposed:false
1513 silly fetch manifest domhandler@^5.0.2
1514 silly packumentCache full:https://registry.npmjs.org/domhandler cache-miss
1515 http cache https://registry.npmjs.org/domhandler 2ms (cache hit)
1516 silly packumentCache full:https://registry.npmjs.org/domhandler set size:78187 disposed:false
1517 silly fetch manifest iconv-lite@^0.6.3
1518 silly packumentCache full:https://registry.npmjs.org/iconv-lite cache-miss
1519 http fetch GET 200 https://registry.npmjs.org/iconv-lite 62ms (cache miss)
1520 silly packumentCache full:https://registry.npmjs.org/iconv-lite set size:undefined disposed:false
1521 silly fetch manifest whatwg-encoding@^3.1.1
1522 silly packumentCache full:https://registry.npmjs.org/whatwg-encoding cache-miss
1523 http fetch GET 200 https://registry.npmjs.org/whatwg-encoding 63ms (cache miss)
1524 silly packumentCache full:https://registry.npmjs.org/whatwg-encoding set size:undefined disposed:false
1525 silly fetch manifest entities@^7.0.1
1526 silly packumentCache full:https://registry.npmjs.org/entities cache-miss
1527 http cache https://registry.npmjs.org/entities 2ms (cache hit)
1528 silly packumentCache full:https://registry.npmjs.org/entities set size:104868 disposed:false
1529 silly fetch manifest entities@^6.0.0
1530 silly packumentCache full:https://registry.npmjs.org/entities cache-hit
1531 silly placeDep ROOT boolbase@1.0.0 OK for: cheerio-select@2.1.0 want: ^1.0.0
1532 silly placeDep ROOT css-select@5.2.2 OK for: cheerio-select@2.1.0 want: ^5.1.0
1533 silly placeDep ROOT css-what@6.2.2 OK for: cheerio-select@2.1.0 want: ^6.1.0
1534 silly placeDep ROOT domelementtype@2.3.0 OK for: cheerio-select@2.1.0 want: ^2.3.0
1535 silly fetch manifest nth-check@^2.0.1
1536 silly packumentCache full:https://registry.npmjs.org/nth-check cache-miss
1537 http fetch GET 200 https://registry.npmjs.org/nth-check 54ms (cache miss)
1538 silly packumentCache full:https://registry.npmjs.org/nth-check set size:undefined disposed:false
1539 silly placeDep ROOT nth-check@2.1.1 OK for: css-select@5.2.2 want: ^2.0.1
1540 silly placeDep ROOT entities@4.5.0 OK for: dom-serializer@2.0.0 want: ^4.2.0
1541 silly placeDep ROOT iconv-lite@0.6.3 OK for: encoding-sniffer@0.2.1 want: ^0.6.3
1542 silly placeDep ROOT whatwg-encoding@3.1.1 OK for: encoding-sniffer@0.2.1 want: ^3.1.1
1543 silly fetch manifest safer-buffer@>= 2.1.2 < 3.0.0
1544 silly packumentCache full:https://registry.npmjs.org/safer-buffer cache-miss
1545 http fetch GET 200 https://registry.npmjs.org/safer-buffer 62ms (cache miss)
1546 silly packumentCache full:https://registry.npmjs.org/safer-buffer set size:undefined disposed:false
1547 silly placeDep node_modules/htmlparser2 entities@7.0.1 OK for: htmlparser2@10.1.0 want: ^7.0.1
1548 silly placeDep ROOT safer-buffer@2.1.2 OK for: iconv-lite@0.6.3 want: >= 2.1.2 < 3.0.0
1549 silly placeDep ROOT @jsep-plugin/assignment@1.3.0 OK for: jsonpath-plus@10.3.0 want: ^1.3.0
1550 silly placeDep ROOT jsep@1.4.0 OK for: @jsep-plugin/assignment@1.3.0 want: ^0.4.0||^1.0.0
1551 silly placeDep ROOT @jsep-plugin/regex@1.0.4 OK for: jsonpath-plus@10.3.0 want: ^1.0.4
1552 silly placeDep ROOT keypress@0.2.1 OK for: node-fzf@0.14.0 want: ~0.2.1
1553 silly placeDep ROOT picocolors@1.1.1 OK for: node-fzf@0.14.0 want: ~1.1.1
1554 silly placeDep ROOT redstar@0.0.2 OK for: node-fzf@0.14.0 want: 0.0.2
1555 silly placeDep ROOT restore-cursor@3.1.0 OK for: node-fzf@0.14.0 want: ~3.1.0
1556 silly placeDep node_modules/node-fzf string-width@2.1.1 OK for: node-fzf@0.14.0 want: ~2.1.1
1557 silly placeDep ROOT ttys@0.0.3 OK for: node-fzf@0.14.0 want: 0.0.3
1558 silly fetch manifest minimatch@~3.0.4
1559 silly packumentCache full:https://registry.npmjs.org/minimatch cache-miss
1560 http fetch GET 200 https://registry.npmjs.org/minimatch 71ms (cache miss)
1561 silly packumentCache full:https://registry.npmjs.org/minimatch set size:undefined disposed:false
1562 silly fetch manifest onetime@^5.1.0
1563 silly packumentCache full:https://registry.npmjs.org/onetime cache-miss
1564 http fetch GET 200 https://registry.npmjs.org/onetime 55ms (cache miss)
1565 silly packumentCache full:https://registry.npmjs.org/onetime set size:undefined disposed:false
1566 silly fetch manifest signal-exit@^3.0.2
1567 silly packumentCache full:https://registry.npmjs.org/signal-exit cache-miss
1568 http fetch GET 200 https://registry.npmjs.org/signal-exit 52ms (cache miss)
1569 silly packumentCache full:https://registry.npmjs.org/signal-exit set size:undefined disposed:false
1570 silly fetch manifest strip-ansi@^4.0.0
1571 silly packumentCache full:https://registry.npmjs.org/strip-ansi cache-hit
1572 silly fetch manifest is-fullwidth-code-point@^2.0.0
1573 silly packumentCache full:https://registry.npmjs.org/is-fullwidth-code-point cache-miss
1574 http fetch GET 200 https://registry.npmjs.org/is-fullwidth-code-point 58ms (cache miss)
1575 silly packumentCache full:https://registry.npmjs.org/is-fullwidth-code-point set size:undefined disposed:false
1576 silly placeDep node_modules/parse5 entities@6.0.1 OK for: parse5@7.3.0 want: ^6.0.0
1577 silly placeDep ROOT minimatch@3.0.8 OK for: redstar@0.0.2 want: ~3.0.4
1578 silly fetch manifest brace-expansion@^1.1.7
1579 silly packumentCache full:https://registry.npmjs.org/brace-expansion cache-miss
1580 http fetch GET 200 https://registry.npmjs.org/brace-expansion 68ms (cache miss)
1581 silly packumentCache full:https://registry.npmjs.org/brace-expansion set size:undefined disposed:false
1582 silly placeDep ROOT brace-expansion@1.1.18 OK for: minimatch@3.0.8 want: ^1.1.7
1583 silly fetch manifest concat-map@0.0.1
1584 silly packumentCache full:https://registry.npmjs.org/concat-map cache-miss
1585 http fetch GET 200 https://registry.npmjs.org/concat-map 81ms (cache miss)
1586 silly packumentCache full:https://registry.npmjs.org/concat-map set size:undefined disposed:false
1587 silly fetch manifest balanced-match@^1.0.0
1588 silly packumentCache full:https://registry.npmjs.org/balanced-match cache-miss
1589 http fetch GET 200 https://registry.npmjs.org/balanced-match 54ms (cache miss)
1590 silly packumentCache full:https://registry.npmjs.org/balanced-match set size:undefined disposed:false
1591 silly placeDep ROOT balanced-match@1.0.2 OK for: brace-expansion@1.1.18 want: ^1.0.0
1592 silly placeDep ROOT concat-map@0.0.1 OK for: brace-expansion@1.1.18 want: 0.0.1
1593 silly placeDep ROOT onetime@5.1.2 OK for: restore-cursor@3.1.0 want: ^5.1.0
1594 silly placeDep ROOT signal-exit@3.0.7 OK for: restore-cursor@3.1.0 want: ^3.0.2
1595 silly fetch manifest mimic-fn@^2.1.0
1596 silly packumentCache full:https://registry.npmjs.org/mimic-fn cache-miss
1597 http fetch GET 200 https://registry.npmjs.org/mimic-fn 53ms (cache miss)
1598 silly packumentCache full:https://registry.npmjs.org/mimic-fn set size:undefined disposed:false
1599 silly placeDep ROOT mimic-fn@2.1.0 OK for: onetime@5.1.2 want: ^2.1.0
1600 silly placeDep node_modules/baileys @hapi/hoek@9.3.0 OK for: @hapi/boom@9.1.4 want: 9.x.x
1601 silly placeDep node_modules/baileys pino-abstract-transport@2.0.0 OK for: pino@9.14.0 want: ^2.0.0
1602 silly placeDep node_modules/baileys thread-stream@3.2.0 OK for: pino@9.14.0 want: ^3.0.0
1603 silly placeDep ROOT emoji-regex@10.6.0 OK for: string-width@7.2.0 want: ^10.3.0
1604 silly placeDep node_modules/form-data mime-db@1.52.0 OK for: mime-types@2.1.35 want: 1.52.0
1605 silly placeDep ROOT is-fullwidth-code-point@2.0.0 OK for: string-width@2.1.1 want: ^2.0.0
1606 silly placeDep node_modules/node-fzf strip-ansi@4.0.0 OK for: string-width@2.1.1 want: ^4.0.0
1607 silly fetch manifest ansi-regex@^3.0.0
1608 silly packumentCache full:https://registry.npmjs.org/ansi-regex cache-miss
1609 http cache https://registry.npmjs.org/ansi-regex 3ms (cache hit)
1610 silly packumentCache full:https://registry.npmjs.org/ansi-regex set size:48203 disposed:false
1611 silly placeDep node_modules/node-fzf ansi-regex@3.0.1 OK for: strip-ansi@4.0.0 want: ^3.0.0
1612 silly placeDep node_modules/qrcode cliui@6.0.0 OK for: yargs@15.4.1 want: ^6.0.0
1613 silly placeDep ROOT decamelize@1.2.0 OK for: yargs@15.4.1 want: ^1.2.0
1614 silly placeDep ROOT find-up@4.1.0 OK for: yargs@15.4.1 want: ^4.1.0
1615 silly placeDep ROOT require-directory@2.1.1 OK for: yargs@15.4.1 want: ^2.1.1
1616 silly placeDep ROOT require-main-filename@2.0.0 OK for: yargs@15.4.1 want: ^2.0.0
1617 silly placeDep ROOT set-blocking@2.0.0 OK for: yargs@15.4.1 want: ^2.0.0
1618 silly placeDep node_modules/qrcode string-width@4.2.3 OK for: yargs@15.4.1 want: ^4.2.0
1619 silly placeDep ROOT which-module@2.0.1 OK for: yargs@15.4.1 want: ^2.0.0
1620 silly placeDep node_modules/qrcode y18n@4.0.3 OK for: yargs@15.4.1 want: ^4.0.0
1621 silly placeDep node_modules/qrcode yargs-parser@18.1.3 OK for: yargs@15.4.1 want: ^18.1.2
1622 silly fetch manifest wrap-ansi@^6.2.0
1623 silly packumentCache full:https://registry.npmjs.org/wrap-ansi cache-miss
1624 http cache https://registry.npmjs.org/wrap-ansi 2ms (cache hit)
1625 silly packumentCache full:https://registry.npmjs.org/wrap-ansi set size:57461 disposed:false
1626 silly fetch manifest strip-ansi@^6.0.0
1627 silly packumentCache full:https://registry.npmjs.org/strip-ansi cache-hit
1628 silly fetch manifest locate-path@^5.0.0
1629 silly packumentCache full:https://registry.npmjs.org/locate-path cache-miss
1630 http fetch GET 200 https://registry.npmjs.org/locate-path 65ms (cache miss)
1631 silly packumentCache full:https://registry.npmjs.org/locate-path set size:undefined disposed:false
1632 silly fetch manifest path-exists@^4.0.0
1633 silly packumentCache full:https://registry.npmjs.org/path-exists cache-miss
1634 http fetch GET 200 https://registry.npmjs.org/path-exists 59ms (cache miss)
1635 silly packumentCache full:https://registry.npmjs.org/path-exists set size:undefined disposed:false
1636 silly fetch manifest strip-ansi@^6.0.1
1637 silly packumentCache full:https://registry.npmjs.org/strip-ansi cache-hit
1638 silly fetch manifest emoji-regex@^8.0.0
1639 silly packumentCache full:https://registry.npmjs.org/emoji-regex cache-miss
1640 http cache https://registry.npmjs.org/emoji-regex 3ms (cache hit)
1641 silly packumentCache full:https://registry.npmjs.org/emoji-regex set size:89064 disposed:false
1642 silly fetch manifest is-fullwidth-code-point@^3.0.0
1643 silly packumentCache full:https://registry.npmjs.org/is-fullwidth-code-point cache-miss
1644 http cache https://registry.npmjs.org/is-fullwidth-code-point 2ms (cache hit)
1645 silly packumentCache full:https://registry.npmjs.org/is-fullwidth-code-point set size:14578 disposed:false
1646 silly fetch manifest camelcase@^5.0.0
1647 silly packumentCache full:https://registry.npmjs.org/camelcase cache-miss
1648 http fetch GET 200 https://registry.npmjs.org/camelcase 59ms (cache miss)
1649 silly packumentCache full:https://registry.npmjs.org/camelcase set size:undefined disposed:false
1650 silly placeDep ROOT locate-path@5.0.0 OK for: find-up@4.1.0 want: ^5.0.0
1651 silly placeDep ROOT path-exists@4.0.0 OK for: find-up@4.1.0 want: ^4.0.0
1652 silly fetch manifest p-locate@^4.1.0
1653 silly packumentCache full:https://registry.npmjs.org/p-locate cache-miss
1654 http fetch GET 200 https://registry.npmjs.org/p-locate 56ms (cache miss)
1655 silly packumentCache full:https://registry.npmjs.org/p-locate set size:undefined disposed:false
1656 silly placeDep ROOT p-locate@4.1.0 OK for: locate-path@5.0.0 want: ^4.1.0
1657 silly fetch manifest p-limit@^2.2.0
1658 silly packumentCache full:https://registry.npmjs.org/p-limit cache-miss
1659 http fetch GET 200 https://registry.npmjs.org/p-limit 54ms (cache miss)
1660 silly packumentCache full:https://registry.npmjs.org/p-limit set size:undefined disposed:false
1661 silly placeDep ROOT p-limit@2.3.0 OK for: p-locate@4.1.0 want: ^2.2.0
1662 silly fetch manifest p-try@^2.0.0
1663 silly packumentCache full:https://registry.npmjs.org/p-try cache-miss
1664 http fetch GET 200 https://registry.npmjs.org/p-try 61ms (cache miss)
1665 silly packumentCache full:https://registry.npmjs.org/p-try set size:undefined disposed:false
1666 silly placeDep ROOT p-try@2.2.0 OK for: p-limit@2.3.0 want: ^2.0.0
1667 silly placeDep node_modules/qrcode strip-ansi@6.0.1 OK for: cliui@6.0.0 want: ^6.0.0
1668 silly placeDep node_modules/qrcode wrap-ansi@6.2.0 OK for: cliui@6.0.0 want: ^6.2.0
1669 silly fetch manifest ansi-regex@^5.0.1
1670 silly packumentCache full:https://registry.npmjs.org/ansi-regex cache-hit
1671 silly placeDep node_modules/qrcode emoji-regex@8.0.0 OK for: string-width@4.2.3 want: ^8.0.0
1672 silly placeDep node_modules/qrcode is-fullwidth-code-point@3.0.0 OK for: string-width@4.2.3 want: ^3.0.0
1673 silly placeDep node_modules/qrcode ansi-regex@5.0.1 OK for: strip-ansi@6.0.1 want: ^5.0.1
1674 silly placeDep ROOT camelcase@5.3.1 OK for: yargs-parser@18.1.3 want: ^5.0.0
1675 silly reify moves {}
1676 silly audit bulk request {
1676 silly audit   '@hapi/boom': [ '10.0.1', '9.1.4' ],
1676 silly audit   axios: [ '1.20.0' ],
1676 silly audit   baileys: [ '1.0.0' ],
1676 silly audit   sharp: [ '0.35.4' ],
1676 silly audit   chalk: [ '4.1.2' ],
1676 silly audit   'fluent-ffmpeg': [ '2.1.3' ],
1676 silly audit   'form-data': [ '4.0.6' ],
1676 silly audit   'gradient-string': [ '2.0.2' ],
1676 silly audit   'grapheme-splitter': [ '1.0.4' ],
1676 silly audit   http: [ '0.0.1-security' ],
1676 silly audit   'human-readable': [ '0.2.1' ],
1676 silly audit   jimp: [ '1.6.1' ],
1676 silly audit   'mime-types': [ '3.0.2', '2.1.35' ],
1676 silly audit   moment: [ '2.30.1' ],
1676 silly audit   'moment-timezone': [ '0.5.48' ],
1676 silly audit   'node-cache': [ '5.1.2' ],
1676 silly audit   'node-fetch': [ '2.7.0' ],
1676 silly audit   'node-webpmux': [ '3.2.1' ],
1676 silly audit   pino: [ '10.3.1', '9.14.0' ],
1676 silly audit   qrcode: [ '1.5.4' ],
1676 silly audit   'qrcode-terminal': [ '0.12.0' ],
1676 silly audit   'readline-sync': [ '1.4.10' ],
1676 silly audit   'syntax-error': [ '1.4.0' ],
1676 silly audit   uuid: [ '14.0.2' ],
1676 silly audit   yargs: [ '18.1.0', '15.4.1' ],
1676 silly audit   'yt-search': [ '2.13.1' ],
1676 silly audit   '@hapi/hoek': [ '11.0.7', '9.3.0' ],
1676 silly audit   'follow-redirects': [ '1.16.0' ],
1676 silly audit   'https-proxy-agent': [ '5.0.1' ],
1676 silly audit   'proxy-from-env': [ '2.1.0' ],
1676 silly audit   '@adiwajshing/keyed-db': [ '0.2.4' ],
1676 silly audit   '@cacheable/node-cache': [ '1.7.6' ],
1676 silly audit   'async-mutex': [ '0.5.0' ],
1676 silly audit   fflate: [ '0.8.3' ],
1676 silly audit   libsignal: [ '6.0.0' ],
1676 silly audit   long: [ '5.3.2' ],
1676 silly audit   'lru-cache': [ '11.5.2' ],
1676 silly audit   'music-metadata': [ '11.15.0' ],
1676 silly audit   'p-queue': [ '9.3.3' ],
1676 silly audit   protobufjs: [ '7.6.6' ],
1676 silly audit   'whatsapp-rust-bridge': [ '0.5.5' ],
1676 silly audit   ws: [ '8.21.3' ],
1676 silly audit   cacheable: [ '2.5.0' ],
1676 silly audit   hookified: [ '1.15.1', '2.2.0' ],
1676 silly audit   keyv: [ '5.6.0' ],
1676 silly audit   tslib: [ '2.8.1' ],
1676 silly audit   '@cacheable/memory': [ '2.2.0' ],
1676 silly audit   '@cacheable/utils': [ '2.5.0' ],
1676 silly audit   qified: [ '0.10.1' ],
1676 silly audit   '@keyv/bigmap': [ '1.3.1' ],
1676 silly audit   hashery: [ '1.5.1' ],
1676 silly audit   'ansi-styles': [ '4.3.0', '6.2.3' ],
1676 silly audit   'supports-color': [ '7.2.0' ],
1676 silly audit   'color-convert': [ '2.0.1' ],
1676 silly audit   'color-name': [ '1.1.4' ],
1676 silly audit   async: [ '0.2.10' ],
1676 silly audit   which: [ '1.3.1' ],
1676 silly audit   asynckit: [ '0.4.0' ],
1676 silly audit   'combined-stream': [ '1.0.8' ],
1676 silly audit   'es-set-tostringtag': [ '2.1.0' ],
1676 silly audit   hasown: [ '2.0.4' ],
1676 silly audit   'delayed-stream': [ '1.0.0' ],
1676 silly audit   'es-errors': [ '1.3.0' ],
1676 silly audit   'get-intrinsic': [ '1.3.0' ],
1676 silly audit   'has-tostringtag': [ '1.0.2' ],
1676 silly audit   'call-bind-apply-helpers': [ '1.0.2' ],
1676 silly audit   'es-define-property': [ '1.0.1' ],
1676 silly audit   'es-object-atoms': [ '1.1.2' ],
1676 silly audit   'function-bind': [ '1.1.2' ],
1676 silly audit   'get-proto': [ '1.0.1' ],
1676 silly audit   gopd: [ '1.2.0' ],
1676 silly audit   'has-symbols': [ '1.1.0' ],
1676 silly audit   'math-intrinsics': [ '1.1.0' ],
1676 silly audit   'dunder-proto': [ '1.0.1' ],
1676 silly audit   tinygradient: [ '1.1.5' ],
1676 silly audit   'agent-base': [ '6.0.2' ],
1676 silly audit   debug: [ '4.4.3' ],
1676 silly audit   ms: [ '2.1.3' ],
1676 silly audit   '@jimp/core': [ '1.6.1' ],
1676 silly audit   '@jimp/diff': [ '1.6.1' ],
1676 silly audit   '@jimp/js-bmp': [ '1.6.1' ],
1676 silly audit   '@jimp/js-gif': [ '1.6.1' ],
1676 silly audit   '@jimp/js-jpeg': [ '1.6.1' ],
1676 silly audit   '@jimp/js-png': [ '1.6.1' ],
1676 silly audit   '@jimp/js-tiff': [ '1.6.1' ],
1676 silly audit   '@jimp/plugin-blit': [ '1.6.1' ],
1676 silly audit   '@jimp/plugin-blur': [ '1.6.1' ],
1676 silly audit   '@jimp/plugin-circle': [ '1.6.1' ],
1676 silly audit   '@jimp/plugin-color': [ '1.6.1' ],
1676 silly audit   '@jimp/plugin-contain': [ '1.6.1' ],
1676 silly audit   '@jimp/plugin-cover': [ '1.6.1' ],
1676 silly audit   '@jimp/plugin-crop': [ '1.6.1' ],
1676 silly audit   '@jimp/plugin-displace': [ '1.6.1' ],
1676 silly audit   '@jimp/plugin-dither': [ '1.6.1' ],
1676 silly audit   '@jimp/plugin-fisheye': [ '1.6.1' ],
1676 silly audit   '@jimp/plugin-flip': [ '1.6.1' ],
1676 silly audit   '@jimp/plugin-hash': [ '1.6.1' ],
1676 silly audit   '@jimp/plugin-mask': [ '1.6.1' ],
1676 silly audit   '@jimp/plugin-print': [ '1.6.1' ],
1676 silly audit   '@jimp/plugin-quantize': [ '1.6.1' ],
1676 silly audit   '@jimp/plugin-resize': [ '1.6.1' ],
1676 silly audit   '@jimp/plugin-rotate': [ '1.6.1' ],
1676 silly audit   '@jimp/plugin-threshold': [ '1.6.1' ],
1676 silly audit   '@jimp/types': [ '1.6.1' ],
1676 silly audit   '@jimp/utils': [ '1.6.1' ],
1676 silly audit   '@jimp/file-ops': [ '1.6.1' ],
1676 silly audit   'await-to-js': [ '3.0.0' ],
1676 silly audit   'exif-parser': [ '0.1.12' ],
1676 silly audit   'file-type': [ '21.3.4' ],
1676 silly audit   mime: [ '3.0.0' ],
1676 silly audit   pixelmatch: [ '5.3.0' ],
1676 silly audit   'bmp-ts': [ '1.0.9' ],
1676 silly audit   gifwrap: [ '0.10.1' ],
1676 silly audit   omggif: [ '1.0.10' ],
1676 silly audit   'jpeg-js': [ '0.4.4' ],
1676 silly audit   pngjs: [ '7.0.0', '6.0.0', '5.0.0' ],
1676 silly audit   utif2: [ '4.1.0' ],
1676 silly audit   zod: [ '3.25.76' ],
1676 silly audit   tinycolor2: [ '1.6.0' ],
1676 silly audit   'any-base': [ '1.1.0' ],
1676 silly audit   'parse-bmfont-ascii': [ '1.0.6' ],
1676 silly audit   'parse-bmfont-binary': [ '1.0.6' ],
1676 silly audit   'parse-bmfont-xml': [ '1.1.6' ],
1676 silly audit   'simple-xml-to-json': [ '1.2.7' ],
1676 silly audit   'image-q': [ '4.0.0' ],
1676 silly audit   '@tokenizer/inflate': [ '0.4.1' ],
1676 silly audit   strtok3: [ '10.3.5' ],
1676 silly audit   'token-types': [ '6.1.2' ],
1676 silly audit   'uint8array-extras': [ '1.5.0' ],
1676 silly audit   '@types/node': [ '16.9.1' ],
1676 silly audit   '@keyv/serialize': [ '1.1.1' ],
1676 silly audit   'curve25519-js': [ '0.0.4' ],
1676 silly audit   'mime-db': [ '1.54.0', '1.52.0' ],
1676 silly audit   '@borewit/text-codec': [ '0.2.2' ],
1676 silly audit   '@tokenizer/token': [ '0.3.0' ],
1676 silly audit   'content-type': [ '2.1.0' ],
1676 silly audit   'media-typer': [ '2.0.0' ],
1676 silly audit   'win-guid': [ '0.2.1' ],
1676 silly audit   clone: [ '2.1.2' ],
1676 silly audit   'whatwg-url': [ '5.0.0' ],
1676 silly audit   eventemitter3: [ '5.0.4' ],
1676 silly audit   'p-timeout': [ '7.0.1' ],
1676 silly audit   'xml-parse-from-string': [ '1.0.1' ],
1676 silly audit   xml2js: [ '0.5.0' ],
1676 silly audit   '@pinojs/redact': [ '0.4.0' ],
1676 silly audit   'atomic-sleep': [ '1.0.0' ],
1676 silly audit   'on-exit-leak-free': [ '2.1.2' ],
1676 silly audit   'pino-abstract-transport': [ '3.0.0', '2.0.0' ],
1676 silly audit   'pino-std-serializers': [ '7.1.0' ],
1676 silly audit   'process-warning': [ '5.1.0' ],
1676 silly audit   'quick-format-unescaped': [ '4.0.4' ],
1676 silly audit   'real-require': [ '0.2.0', '1.0.0' ],
1676 silly audit   'safe-stable-stringify': [ '2.5.0' ],
1676 silly audit   'sonic-boom': [ '4.2.1' ],
1676 silly audit   'thread-stream': [ '4.2.0', '3.2.0' ],
1676 silly audit   split2: [ '4.2.0' ],
1676 silly audit   '@protobufjs/aspromise': [ '1.1.2' ],
1676 silly audit   '@protobufjs/base64': [ '1.1.2' ],
1676 silly audit   '@protobufjs/codegen': [ '2.0.5' ],
1676 silly audit   '@protobufjs/eventemitter': [ '1.1.1' ],
1676 silly audit   '@protobufjs/fetch': [ '1.1.1' ],
1676 silly audit   '@protobufjs/float': [ '1.0.2' ],
1676 silly audit   '@protobufjs/path': [ '1.1.2' ],
1676 silly audit   '@protobufjs/pool': [ '1.1.0' ],
1676 silly audit   '@protobufjs/utf8': [ '1.1.2' ],
1676 silly audit   dijkstrajs: [ '1.0.3' ],
1676 silly audit   '@img/colour': [ '1.1.0' ],
1676 silly audit   '@img/sharp-darwin-arm64': [ '0.35.4' ],
1676 silly audit   '@img/sharp-darwin-x64': [ '0.35.4' ],
1676 silly audit   '@img/sharp-freebsd-wasm32': [ '0.35.4' ],
1676 silly audit   '@img/sharp-libvips-darwin-arm64': [ '1.3.3' ],
1676 silly audit   '@img/sharp-libvips-darwin-x64': [ '1.3.3' ],
1676 silly audit   '@img/sharp-libvips-linux-arm': [ '1.3.3' ],
1676 silly audit   '@img/sharp-libvips-linux-arm64': [ '1.3.3' ],
1676 silly audit   '@img/sharp-libvips-linux-ppc64': [ '1.3.3' ],
1676 silly audit   '@img/sharp-libvips-linux-riscv64': [ '1.3.3' ],
1676 silly audit   '@img/sharp-libvips-linux-s390x': [ '1.3.3' ],
1676 silly audit   '@img/sharp-libvips-linux-x64': [ '1.3.3' ],
1676 silly audit   '@img/sharp-libvips-linuxmusl-arm64': [ '1.3.3' ],
1676 silly audit   '@img/sharp-libvips-linuxmusl-x64': [ '1.3.3' ],
1676 silly audit   '@img/sharp-linux-arm': [ '0.35.4' ],
1676 silly audit   '@img/sharp-linux-arm64': [ '0.35.4' ],
1676 silly audit   '@img/sharp-linux-ppc64': [ '0.35.4' ],
1676 silly audit   '@img/sharp-linux-riscv64': [ '0.35.4' ],
1676 silly audit   '@img/sharp-linux-s390x': [ '0.35.4' ],
1676 silly audit   '@img/sharp-linux-x64': [ '0.35.4' ],
1676 silly audit   '@img/sharp-linuxmusl-arm64': [ '0.35.4' ],
1676 silly audit   '@img/sharp-linuxmusl-x64': [ '0.35.4' ],
1676 silly audit   '@img/sharp-webcontainers-wasm32': [ '0.35.4' ],
1676 silly audit   '@img/sharp-win32-arm64': [ '0.35.4' ],
1676 silly audit   '@img/sharp-win32-ia32': [ '0.35.4' ],
1676 silly audit   '@img/sharp-win32-x64': [ '0.35.4' ],
1676 silly audit   'detect-libc': [ '2.1.2' ],
1676 silly audit   semver: [ '7.8.5' ],
1676 silly audit   '@img/sharp-wasm32': [ '0.35.4' ],
1676 silly audit   '@emnapi/runtime': [ '1.11.3' ],
1676 silly audit   'has-flag': [ '4.0.0' ],
1676 silly audit   'acorn-node': [ '1.8.2' ],
1676 silly audit   acorn: [ '7.4.1' ],
1676 silly audit   'acorn-walk': [ '7.2.0' ],
1676 silly audit   xtend: [ '4.0.2' ],
1676 silly audit   '@types/tinycolor2': [ '1.4.6' ],
1676 silly audit   ieee754: [ '1.2.1' ],
1676 silly audit   pako: [ '1.0.11' ],
1676 silly audit   tr46: [ '0.0.3' ],
1676 silly audit   'webidl-conversions': [ '3.0.1' ],
1676 silly audit   isexe: [ '2.0.0' ],
1676 silly audit   sax: [ '1.6.1' ],
1676 silly audit   xmlbuilder: [ '11.0.1' ],
1676 silly audit   cliui: [ '9.0.1', '6.0.0' ],
1676 silly audit   escalade: [ '3.2.0' ],
1676 silly audit   'get-caller-file': [ '2.0.5' ],
1676 silly audit   'string-width': [ '8.2.2', '7.2.0', '2.1.1', '4.2.3' ],
1676 silly audit   y18n: [ '5.0.8', '4.0.3' ],
1676 silly audit   'yargs-parser': [ '22.0.0', '18.1.3' ],
1676 silly audit   'strip-ansi': [ '7.2.0', '4.0.0', '6.0.1' ],
1676 silly audit   'wrap-ansi': [ '9.0.2', '6.2.0' ],
1676 silly audit   'get-east-asian-width': [ '1.6.0' ],
1676 silly audit   'ansi-regex': [ '6.3.0', '3.0.1', '5.0.1' ],
1676 silly audit   'async.parallellimit': [ '0.5.2' ],
1676 silly audit   boolstring: [ '2.0.1' ],
1676 silly audit   cheerio: [ '1.2.0' ],
1676 silly audit   dasu: [ '0.4.3' ],
1676 silly audit   'human-time': [ '0.0.2' ],
1676 silly audit   'jsonpath-plus': [ '10.3.0' ],
1676 silly audit   minimist: [ '1.2.8' ],
1676 silly audit   'node-fzf': [ '0.14.0' ],
1676 silly audit   'async.util.eachoflimit': [ '0.5.2' ],
1676 silly audit   'async.util.parallel': [ '0.5.2' ],
1676 silly audit   'async.util.keyiterator': [ '0.5.2' ],
1676 silly audit   'async.util.noop': [ '0.5.2' ],
1676 silly audit   'async.util.once': [ '0.5.2' ],
1676 silly audit   'async.util.onlyonce': [ '0.5.2' ],
1676 silly audit   'async.util.isarraylike': [ '0.5.2' ],
1676 silly audit   'async.util.keys': [ '0.5.2' ],
1676 silly audit   'async.util.isarray': [ '0.5.2' ],
1676 silly audit   'async.util.restparam': [ '0.5.2' ],
1676 silly audit   'cheerio-select': [ '2.1.0' ],
1676 silly audit   'dom-serializer': [ '2.0.0' ],
1676 silly audit   domhandler: [ '5.0.3' ],
1676 silly audit   domutils: [ '3.2.2' ],
1676 silly audit   'encoding-sniffer': [ '0.2.1' ],
1676 silly audit   htmlparser2: [ '10.1.0' ],
1676 silly audit   parse5: [ '7.3.0' ],
1676 silly audit   'parse5-htmlparser2-tree-adapter': [ '7.1.0' ],
1676 silly audit   'parse5-parser-stream': [ '7.1.2' ],
1676 silly audit   undici: [ '7.29.1' ],
1676 silly audit   'whatwg-mimetype': [ '4.0.0' ],
1676 silly audit   boolbase: [ '1.0.0' ],
1676 silly audit   'css-select': [ '5.2.2' ],
1676 silly audit   'css-what': [ '6.2.2' ],
1676 silly audit   domelementtype: [ '2.3.0' ],
1676 silly audit   'nth-check': [ '2.1.1' ],
1676 silly audit   entities: [ '4.5.0', '7.0.1', '6.0.1' ],
1676 silly audit   'iconv-lite': [ '0.6.3' ],
1676 silly audit   'whatwg-encoding': [ '3.1.1' ],
1676 silly audit   'safer-buffer': [ '2.1.2' ],
1676 silly audit   '@jsep-plugin/assignment': [ '1.3.0' ],
1676 silly audit   jsep: [ '1.4.0' ],
1676 silly audit   '@jsep-plugin/regex': [ '1.0.4' ],
1676 silly audit   keypress: [ '0.2.1' ],
1676 silly audit   picocolors: [ '1.1.1' ],
1676 silly audit   redstar: [ '0.0.2' ],
1676 silly audit   'restore-cursor': [ '3.1.0' ],
1676 silly audit   ttys: [ '0.0.3' ],
1676 silly audit   minimatch: [ '3.0.8' ],
1676 silly audit   'brace-expansion': [ '1.1.18' ],
1676 silly audit   'balanced-match': [ '1.0.2' ],
1676 silly audit   'concat-map': [ '0.0.1' ],
1676 silly audit   onetime: [ '5.1.2' ],
1676 silly audit   'signal-exit': [ '3.0.7' ],
1676 silly audit   'mimic-fn': [ '2.1.0' ],
1676 silly audit   'emoji-regex': [ '10.6.0', '8.0.0' ],
1676 silly audit   'is-fullwidth-code-point': [ '2.0.0', '3.0.0' ],
1676 silly audit   decamelize: [ '1.2.0' ],
1676 silly audit   'find-up': [ '4.1.0' ],
1676 silly audit   'require-directory': [ '2.1.1' ],
1676 silly audit   'require-main-filename': [ '2.0.0' ],
1676 silly audit   'set-blocking': [ '2.0.0' ],
1676 silly audit   'which-module': [ '2.0.1' ],
1676 silly audit   'locate-path': [ '5.0.0' ],
1676 silly audit   'path-exists': [ '4.0.0' ],
1676 silly audit   'p-locate': [ '4.1.0' ],
1676 silly audit   'p-limit': [ '2.3.0' ],
1676 silly audit   'p-try': [ '2.2.0' ],
1676 silly audit   camelcase: [ '5.3.1' ]
1676 silly audit }
1677 http cache camelcase@https://registry.npmjs.org/camelcase/-/camelcase-5.3.1.tgz 0ms (cache hit)
1678 http cache p-limit@https://registry.npmjs.org/p-limit/-/p-limit-2.3.0.tgz 0ms (cache hit)
1679 http cache p-try@https://registry.npmjs.org/p-try/-/p-try-2.2.0.tgz 0ms (cache hit)
1680 http cache path-exists@https://registry.npmjs.org/path-exists/-/path-exists-4.0.0.tgz 0ms (cache hit)
1681 http cache locate-path@https://registry.npmjs.org/locate-path/-/locate-path-5.0.0.tgz 0ms (cache hit)
1682 http cache which-module@https://registry.npmjs.org/which-module/-/which-module-2.0.1.tgz 0ms (cache hit)
1683 http cache set-blocking@https://registry.npmjs.org/set-blocking/-/set-blocking-2.0.0.tgz 0ms (cache hit)
1684 http cache require-main-filename@https://registry.npmjs.org/require-main-filename/-/require-main-filename-2.0.0.tgz 0ms (cache hit)
1685 http cache require-directory@https://registry.npmjs.org/require-directory/-/require-directory-2.1.1.tgz 0ms (cache hit)
1686 http cache find-up@https://registry.npmjs.org/find-up/-/find-up-4.1.0.tgz 0ms (cache hit)
1687 http cache decamelize@https://registry.npmjs.org/decamelize/-/decamelize-1.2.0.tgz 0ms (cache hit)
1688 http cache is-fullwidth-code-point@https://registry.npmjs.org/is-fullwidth-code-point/-/is-fullwidth-code-point-2.0.0.tgz 0ms (cache hit)
1689 http cache mimic-fn@https://registry.npmjs.org/mimic-fn/-/mimic-fn-2.1.0.tgz 0ms (cache hit)
1690 http cache p-locate@https://registry.npmjs.org/p-locate/-/p-locate-4.1.0.tgz 0ms (cache hit)
1691 http cache signal-exit@https://registry.npmjs.org/signal-exit/-/signal-exit-3.0.7.tgz 0ms (cache hit)
1692 http cache emoji-regex@https://registry.npmjs.org/emoji-regex/-/emoji-regex-10.6.0.tgz 0ms (cache hit)
1693 http cache onetime@https://registry.npmjs.org/onetime/-/onetime-5.1.2.tgz 0ms (cache hit)
1694 http cache concat-map@https://registry.npmjs.org/concat-map/-/concat-map-0.0.1.tgz 0ms (cache hit)
1695 http cache brace-expansion@https://registry.npmjs.org/brace-expansion/-/brace-expansion-1.1.18.tgz 0ms (cache hit)
1696 http cache minimatch@https://registry.npmjs.org/minimatch/-/minimatch-3.0.8.tgz 0ms (cache hit)
1697 http cache balanced-match@https://registry.npmjs.org/balanced-match/-/balanced-match-1.0.2.tgz 0ms (cache hit)
1698 http cache restore-cursor@https://registry.npmjs.org/restore-cursor/-/restore-cursor-3.1.0.tgz 0ms (cache hit)
1699 http cache ttys@https://registry.npmjs.org/ttys/-/ttys-0.0.3.tgz 0ms (cache hit)
1700 http cache redstar@https://registry.npmjs.org/redstar/-/redstar-0.0.2.tgz 0ms (cache hit)
1701 http cache picocolors@https://registry.npmjs.org/picocolors/-/picocolors-1.1.1.tgz 0ms (cache hit)
1702 http cache keypress@https://registry.npmjs.org/keypress/-/keypress-0.2.1.tgz 0ms (cache hit)
1703 http cache jsep@https://registry.npmjs.org/jsep/-/jsep-1.4.0.tgz 0ms (cache hit)
1704 http cache @jsep-plugin/regex@https://registry.npmjs.org/@jsep-plugin/regex/-/regex-1.0.4.tgz 0ms (cache hit)
1705 http cache @jsep-plugin/assignment@https://registry.npmjs.org/@jsep-plugin/assignment/-/assignment-1.3.0.tgz 0ms (cache hit)
1706 http cache safer-buffer@https://registry.npmjs.org/safer-buffer/-/safer-buffer-2.1.2.tgz 0ms (cache hit)
1707 http cache iconv-lite@https://registry.npmjs.org/iconv-lite/-/iconv-lite-0.6.3.tgz 0ms (cache hit)
1708 http cache entities@https://registry.npmjs.org/entities/-/entities-4.5.0.tgz 0ms (cache hit)
1709 http cache whatwg-encoding@https://registry.npmjs.org/whatwg-encoding/-/whatwg-encoding-3.1.1.tgz 0ms (cache hit)
1710 http cache nth-check@https://registry.npmjs.org/nth-check/-/nth-check-2.1.1.tgz 0ms (cache hit)
1711 http cache domelementtype@https://registry.npmjs.org/domelementtype/-/domelementtype-2.3.0.tgz 0ms (cache hit)
1712 http cache css-what@https://registry.npmjs.org/css-what/-/css-what-6.2.2.tgz 0ms (cache hit)
1713 http cache boolbase@https://registry.npmjs.org/boolbase/-/boolbase-1.0.0.tgz 0ms (cache hit)
1714 http cache css-select@https://registry.npmjs.org/css-select/-/css-select-5.2.2.tgz 0ms (cache hit)
1715 http cache undici@https://registry.npmjs.org/undici/-/undici-7.29.1.tgz 0ms (cache hit)
1716 http cache parse5-parser-stream@https://registry.npmjs.org/parse5-parser-stream/-/parse5-parser-stream-7.1.2.tgz 0ms (cache hit)
1717 http cache parse5-htmlparser2-tree-adapter@https://registry.npmjs.org/parse5-htmlparser2-tree-adapter/-/parse5-htmlparser2-tree-adapter-7.1.0.tgz 0ms (cache hit)
1718 http cache parse5@https://registry.npmjs.org/parse5/-/parse5-7.3.0.tgz 0ms (cache hit)
1719 http cache htmlparser2@https://registry.npmjs.org/htmlparser2/-/htmlparser2-10.1.0.tgz 0ms (cache hit)
1720 http cache whatwg-mimetype@https://registry.npmjs.org/whatwg-mimetype/-/whatwg-mimetype-4.0.0.tgz 0ms (cache hit)
1721 http cache encoding-sniffer@https://registry.npmjs.org/encoding-sniffer/-/encoding-sniffer-0.2.1.tgz 0ms (cache hit)
1722 http cache domutils@https://registry.npmjs.org/domutils/-/domutils-3.2.2.tgz 0ms (cache hit)
1723 http cache domhandler@https://registry.npmjs.org/domhandler/-/domhandler-5.0.3.tgz 0ms (cache hit)
1724 http cache dom-serializer@https://registry.npmjs.org/dom-serializer/-/dom-serializer-2.0.0.tgz 0ms (cache hit)
1725 http cache cheerio-select@https://registry.npmjs.org/cheerio-select/-/cheerio-select-2.1.0.tgz 0ms (cache hit)
1726 http cache async.util.restparam@https://registry.npmjs.org/async.util.restparam/-/async.util.restparam-0.5.2.tgz 0ms (cache hit)
1727 http cache async.util.isarray@https://registry.npmjs.org/async.util.isarray/-/async.util.isarray-0.5.2.tgz 0ms (cache hit)
1728 http cache async.util.keys@https://registry.npmjs.org/async.util.keys/-/async.util.keys-0.5.2.tgz 0ms (cache hit)
1729 http cache async.util.isarraylike@https://registry.npmjs.org/async.util.isarraylike/-/async.util.isarraylike-0.5.2.tgz 0ms (cache hit)
1730 http cache async.util.onlyonce@https://registry.npmjs.org/async.util.onlyonce/-/async.util.onlyonce-0.5.2.tgz 0ms (cache hit)
1731 http cache async.util.once@https://registry.npmjs.org/async.util.once/-/async.util.once-0.5.2.tgz 0ms (cache hit)
1732 http cache async.util.noop@https://registry.npmjs.org/async.util.noop/-/async.util.noop-0.5.2.tgz 0ms (cache hit)
1733 http cache async.util.keyiterator@https://registry.npmjs.org/async.util.keyiterator/-/async.util.keyiterator-0.5.2.tgz 0ms (cache hit)
1734 http cache async.util.eachoflimit@https://registry.npmjs.org/async.util.eachoflimit/-/async.util.eachoflimit-0.5.2.tgz 0ms (cache hit)
1735 http cache async.util.parallel@https://registry.npmjs.org/async.util.parallel/-/async.util.parallel-0.5.2.tgz 0ms (cache hit)
1736 http cache node-fzf@https://registry.npmjs.org/node-fzf/-/node-fzf-0.14.0.tgz 0ms (cache hit)
1737 http cache minimist@https://registry.npmjs.org/minimist/-/minimist-1.2.8.tgz 0ms (cache hit)
1738 http cache jsonpath-plus@https://registry.npmjs.org/jsonpath-plus/-/jsonpath-plus-10.3.0.tgz 0ms (cache hit)
1739 http cache human-time@https://registry.npmjs.org/human-time/-/human-time-0.0.2.tgz 0ms (cache hit)
1740 http cache dasu@https://registry.npmjs.org/dasu/-/dasu-0.4.3.tgz 0ms (cache hit)
1741 http cache cheerio@https://registry.npmjs.org/cheerio/-/cheerio-1.2.0.tgz 0ms (cache hit)
1742 http cache boolstring@https://registry.npmjs.org/boolstring/-/boolstring-2.0.1.tgz 0ms (cache hit)
1743 http cache async.parallellimit@https://registry.npmjs.org/async.parallellimit/-/async.parallellimit-0.5.2.tgz 0ms (cache hit)
1744 http cache ansi-regex@https://registry.npmjs.org/ansi-regex/-/ansi-regex-6.3.0.tgz 0ms (cache hit)
1745 http cache get-east-asian-width@https://registry.npmjs.org/get-east-asian-width/-/get-east-asian-width-1.6.0.tgz 0ms (cache hit)
1746 http cache wrap-ansi@https://registry.npmjs.org/wrap-ansi/-/wrap-ansi-9.0.2.tgz 0ms (cache hit)
1747 http cache strip-ansi@https://registry.npmjs.org/strip-ansi/-/strip-ansi-7.2.0.tgz 0ms (cache hit)
1748 http cache y18n@https://registry.npmjs.org/y18n/-/y18n-5.0.8.tgz 0ms (cache hit)
1749 http cache yargs-parser@https://registry.npmjs.org/yargs-parser/-/yargs-parser-22.0.0.tgz 0ms (cache hit)
1750 http cache string-width@https://registry.npmjs.org/string-width/-/string-width-8.2.2.tgz 0ms (cache hit)
1751 http cache escalade@https://registry.npmjs.org/escalade/-/escalade-3.2.0.tgz 0ms (cache hit)
1752 http cache cliui@https://registry.npmjs.org/cliui/-/cliui-9.0.1.tgz 0ms (cache hit)
1753 http cache get-caller-file@https://registry.npmjs.org/get-caller-file/-/get-caller-file-2.0.5.tgz 0ms (cache hit)
1754 http cache sax@https://registry.npmjs.org/sax/-/sax-1.6.1.tgz 0ms (cache hit)
1755 http cache xmlbuilder@https://registry.npmjs.org/xmlbuilder/-/xmlbuilder-11.0.1.tgz 0ms (cache hit)
1756 http cache webidl-conversions@https://registry.npmjs.org/webidl-conversions/-/webidl-conversions-3.0.1.tgz 0ms (cache hit)
1757 http cache isexe@https://registry.npmjs.org/isexe/-/isexe-2.0.0.tgz 0ms (cache hit)
1758 http cache tr46@https://registry.npmjs.org/tr46/-/tr46-0.0.3.tgz 0ms (cache hit)
1759 http cache ieee754@https://registry.npmjs.org/ieee754/-/ieee754-1.2.1.tgz 0ms (cache hit)
1760 http cache pako@https://registry.npmjs.org/pako/-/pako-1.0.11.tgz 0ms (cache hit)
1761 http cache @types/tinycolor2@https://registry.npmjs.org/@types/tinycolor2/-/tinycolor2-1.4.6.tgz 0ms (cache hit)
1762 http cache acorn-walk@https://registry.npmjs.org/acorn-walk/-/acorn-walk-7.2.0.tgz 0ms (cache hit)
1763 http cache acorn@https://registry.npmjs.org/acorn/-/acorn-7.4.1.tgz 0ms (cache hit)
1764 http cache xtend@https://registry.npmjs.org/xtend/-/xtend-4.0.2.tgz 0ms (cache hit)
1765 http cache semver@https://registry.npmjs.org/semver/-/semver-7.8.5.tgz 0ms (cache hit)
1766 http cache acorn-node@https://registry.npmjs.org/acorn-node/-/acorn-node-1.8.2.tgz 0ms (cache hit)
1767 http cache has-flag@https://registry.npmjs.org/has-flag/-/has-flag-4.0.0.tgz 0ms (cache hit)
1768 http cache detect-libc@https://registry.npmjs.org/detect-libc/-/detect-libc-2.1.2.tgz 0ms (cache hit)
1769 http cache @img/sharp-linux-arm64@https://registry.npmjs.org/@img/sharp-linux-arm64/-/sharp-linux-arm64-0.35.4.tgz 0ms (cache hit)
1770 http cache @img/colour@https://registry.npmjs.org/@img/colour/-/colour-1.1.0.tgz 0ms (cache hit)
1771 http cache dijkstrajs@https://registry.npmjs.org/dijkstrajs/-/dijkstrajs-1.0.3.tgz 0ms (cache hit)
1772 http cache @img/sharp-libvips-linux-arm64@https://registry.npmjs.org/@img/sharp-libvips-linux-arm64/-/sharp-libvips-linux-arm64-1.3.3.tgz 0ms (cache hit)
1773 http cache @protobufjs/utf8@https://registry.npmjs.org/@protobufjs/utf8/-/utf8-1.1.2.tgz 0ms (cache hit)
1774 http cache @protobufjs/pool@https://registry.npmjs.org/@protobufjs/pool/-/pool-1.1.0.tgz 0ms (cache hit)
1775 http cache @protobufjs/path@https://registry.npmjs.org/@protobufjs/path/-/path-1.1.2.tgz 0ms (cache hit)
1776 http cache @protobufjs/float@https://registry.npmjs.org/@protobufjs/float/-/float-1.0.2.tgz 0ms (cache hit)
1777 http cache @protobufjs/fetch@https://registry.npmjs.org/@protobufjs/fetch/-/fetch-1.1.1.tgz 0ms (cache hit)
1778 http cache @protobufjs/codegen@https://registry.npmjs.org/@protobufjs/codegen/-/codegen-2.0.5.tgz 0ms (cache hit)
1779 http cache @protobufjs/eventemitter@https://registry.npmjs.org/@protobufjs/eventemitter/-/eventemitter-1.1.1.tgz 0ms (cache hit)
1780 http cache @protobufjs/base64@https://registry.npmjs.org/@protobufjs/base64/-/base64-1.1.2.tgz 0ms (cache hit)
1781 http cache split2@https://registry.npmjs.org/split2/-/split2-4.2.0.tgz 0ms (cache hit)
1782 http cache @protobufjs/aspromise@https://registry.npmjs.org/@protobufjs/aspromise/-/aspromise-1.1.2.tgz 0ms (cache hit)
1783 http cache thread-stream@https://registry.npmjs.org/thread-stream/-/thread-stream-4.2.0.tgz 0ms (cache hit)
1784 http cache real-require@https://registry.npmjs.org/real-require/-/real-require-0.2.0.tgz 0ms (cache hit)
1785 http cache quick-format-unescaped@https://registry.npmjs.org/quick-format-unescaped/-/quick-format-unescaped-4.0.4.tgz 0ms (cache hit)
1786 http cache safe-stable-stringify@https://registry.npmjs.org/safe-stable-stringify/-/safe-stable-stringify-2.5.0.tgz 0ms (cache hit)
1787 http cache process-warning@https://registry.npmjs.org/process-warning/-/process-warning-5.1.0.tgz 0ms (cache hit)
1788 http cache pino-std-serializers@https://registry.npmjs.org/pino-std-serializers/-/pino-std-serializers-7.1.0.tgz 0ms (cache hit)
1789 http cache pino-abstract-transport@https://registry.npmjs.org/pino-abstract-transport/-/pino-abstract-transport-3.0.0.tgz 0ms (cache hit)
1790 http cache on-exit-leak-free@https://registry.npmjs.org/on-exit-leak-free/-/on-exit-leak-free-2.1.2.tgz 0ms (cache hit)
1791 http cache sonic-boom@https://registry.npmjs.org/sonic-boom/-/sonic-boom-4.2.1.tgz 0ms (cache hit)
1792 http cache atomic-sleep@https://registry.npmjs.org/atomic-sleep/-/atomic-sleep-1.0.0.tgz 0ms (cache hit)
1793 http cache @pinojs/redact@https://registry.npmjs.org/@pinojs/redact/-/redact-0.4.0.tgz 0ms (cache hit)
1794 http cache xml-parse-from-string@https://registry.npmjs.org/xml-parse-from-string/-/xml-parse-from-string-1.0.1.tgz 0ms (cache hit)
1795 http cache xml2js@https://registry.npmjs.org/xml2js/-/xml2js-0.5.0.tgz 0ms (cache hit)
1796 http cache p-timeout@https://registry.npmjs.org/p-timeout/-/p-timeout-7.0.1.tgz 0ms (cache hit)
1797 http cache eventemitter3@https://registry.npmjs.org/eventemitter3/-/eventemitter3-5.0.4.tgz 0ms (cache hit)
1798 http cache whatwg-url@https://registry.npmjs.org/whatwg-url/-/whatwg-url-5.0.0.tgz 0ms (cache hit)
1799 http cache clone@https://registry.npmjs.org/clone/-/clone-2.1.2.tgz 0ms (cache hit)
1800 http cache win-guid@https://registry.npmjs.org/win-guid/-/win-guid-0.2.1.tgz 0ms (cache hit)
1801 http cache media-typer@https://registry.npmjs.org/media-typer/-/media-typer-2.0.0.tgz 0ms (cache hit)
1802 http cache content-type@https://registry.npmjs.org/content-type/-/content-type-2.1.0.tgz 0ms (cache hit)
1803 http cache @borewit/text-codec@https://registry.npmjs.org/@borewit/text-codec/-/text-codec-0.2.2.tgz 0ms (cache hit)
1804 http cache @tokenizer/token@https://registry.npmjs.org/@tokenizer/token/-/token-0.3.0.tgz 0ms (cache hit)
1805 http cache mime-db@https://registry.npmjs.org/mime-db/-/mime-db-1.54.0.tgz 0ms (cache hit)
1806 http cache curve25519-js@https://registry.npmjs.org/curve25519-js/-/curve25519-js-0.0.4.tgz 0ms (cache hit)
1807 http cache uint8array-extras@https://registry.npmjs.org/uint8array-extras/-/uint8array-extras-1.5.0.tgz 0ms (cache hit)
1808 http cache @types/node@https://registry.npmjs.org/@types/node/-/node-16.9.1.tgz 0ms (cache hit)
1809 http cache @keyv/serialize@https://registry.npmjs.org/@keyv/serialize/-/serialize-1.1.1.tgz 0ms (cache hit)
1810 http cache token-types@https://registry.npmjs.org/token-types/-/token-types-6.1.2.tgz 0ms (cache hit)
1811 http cache strtok3@https://registry.npmjs.org/strtok3/-/strtok3-10.3.5.tgz 0ms (cache hit)
1812 http cache @tokenizer/inflate@https://registry.npmjs.org/@tokenizer/inflate/-/inflate-0.4.1.tgz 0ms (cache hit)
1813 http cache image-q@https://registry.npmjs.org/image-q/-/image-q-4.0.0.tgz 0ms (cache hit)
1814 http cache simple-xml-to-json@https://registry.npmjs.org/simple-xml-to-json/-/simple-xml-to-json-1.2.7.tgz 0ms (cache hit)
1815 http cache parse-bmfont-binary@https://registry.npmjs.org/parse-bmfont-binary/-/parse-bmfont-binary-1.0.6.tgz 0ms (cache hit)
1816 http cache parse-bmfont-xml@https://registry.npmjs.org/parse-bmfont-xml/-/parse-bmfont-xml-1.1.6.tgz 0ms (cache hit)
1817 http cache any-base@https://registry.npmjs.org/any-base/-/any-base-1.1.0.tgz 0ms (cache hit)
1818 http cache tinycolor2@https://registry.npmjs.org/tinycolor2/-/tinycolor2-1.6.0.tgz 0ms (cache hit)
1819 http cache parse-bmfont-ascii@https://registry.npmjs.org/parse-bmfont-ascii/-/parse-bmfont-ascii-1.0.6.tgz 0ms (cache hit)
1820 http cache zod@https://registry.npmjs.org/zod/-/zod-3.25.76.tgz 0ms (cache hit)
1821 http cache utif2@https://registry.npmjs.org/utif2/-/utif2-4.1.0.tgz 0ms (cache hit)
1822 http cache pngjs@https://registry.npmjs.org/pngjs/-/pngjs-7.0.0.tgz 0ms (cache hit)
1823 http cache jpeg-js@https://registry.npmjs.org/jpeg-js/-/jpeg-js-0.4.4.tgz 0ms (cache hit)
1824 http cache omggif@https://registry.npmjs.org/omggif/-/omggif-1.0.10.tgz 0ms (cache hit)
1825 http cache pixelmatch@https://registry.npmjs.org/pixelmatch/-/pixelmatch-5.3.0.tgz 0ms (cache hit)
1826 http cache file-type@https://registry.npmjs.org/file-type/-/file-type-21.3.4.tgz 0ms (cache hit)
1827 http cache mime@https://registry.npmjs.org/mime/-/mime-3.0.0.tgz 0ms (cache hit)
1828 http cache exif-parser@https://registry.npmjs.org/exif-parser/-/exif-parser-0.1.12.tgz 0ms (cache hit)
1829 http cache await-to-js@https://registry.npmjs.org/await-to-js/-/await-to-js-3.0.0.tgz 0ms (cache hit)
1830 http cache bmp-ts@https://registry.npmjs.org/bmp-ts/-/bmp-ts-1.0.9.tgz 0ms (cache hit)
1831 http cache gifwrap@https://registry.npmjs.org/gifwrap/-/gifwrap-0.10.1.tgz 0ms (cache hit)
1832 http cache @jimp/file-ops@https://registry.npmjs.org/@jimp/file-ops/-/file-ops-1.6.1.tgz 0ms (cache hit)
1833 http cache @jimp/utils@https://registry.npmjs.org/@jimp/utils/-/utils-1.6.1.tgz 0ms (cache hit)
1834 http cache @jimp/types@https://registry.npmjs.org/@jimp/types/-/types-1.6.1.tgz 0ms (cache hit)
1835 http cache @jimp/plugin-threshold@https://registry.npmjs.org/@jimp/plugin-threshold/-/plugin-threshold-1.6.1.tgz 0ms (cache hit)
1836 http cache @jimp/plugin-rotate@https://registry.npmjs.org/@jimp/plugin-rotate/-/plugin-rotate-1.6.1.tgz 0ms (cache hit)
1837 http cache @jimp/plugin-resize@https://registry.npmjs.org/@jimp/plugin-resize/-/plugin-resize-1.6.1.tgz 0ms (cache hit)
1838 http cache @jimp/plugin-print@https://registry.npmjs.org/@jimp/plugin-print/-/plugin-print-1.6.1.tgz 0ms (cache hit)
1839 http cache @jimp/plugin-quantize@https://registry.npmjs.org/@jimp/plugin-quantize/-/plugin-quantize-1.6.1.tgz 0ms (cache hit)
1840 http cache @jimp/plugin-mask@https://registry.npmjs.org/@jimp/plugin-mask/-/plugin-mask-1.6.1.tgz 0ms (cache hit)
1841 http cache @jimp/plugin-hash@https://registry.npmjs.org/@jimp/plugin-hash/-/plugin-hash-1.6.1.tgz 0ms (cache hit)
1842 http cache @jimp/plugin-flip@https://registry.npmjs.org/@jimp/plugin-flip/-/plugin-flip-1.6.1.tgz 0ms (cache hit)
1843 http cache @jimp/plugin-fisheye@https://registry.npmjs.org/@jimp/plugin-fisheye/-/plugin-fisheye-1.6.1.tgz 0ms (cache hit)
1844 http cache @jimp/plugin-dither@https://registry.npmjs.org/@jimp/plugin-dither/-/plugin-dither-1.6.1.tgz 0ms (cache hit)
1845 http cache @jimp/plugin-displace@https://registry.npmjs.org/@jimp/plugin-displace/-/plugin-displace-1.6.1.tgz 0ms (cache hit)
1846 http cache @jimp/plugin-crop@https://registry.npmjs.org/@jimp/plugin-crop/-/plugin-crop-1.6.1.tgz 0ms (cache hit)
1847 http cache @jimp/plugin-cover@https://registry.npmjs.org/@jimp/plugin-cover/-/plugin-cover-1.6.1.tgz 0ms (cache hit)
1848 http cache @jimp/plugin-contain@https://registry.npmjs.org/@jimp/plugin-contain/-/plugin-contain-1.6.1.tgz 0ms (cache hit)
1849 http cache @jimp/plugin-color@https://registry.npmjs.org/@jimp/plugin-color/-/plugin-color-1.6.1.tgz 0ms (cache hit)
1850 http cache @jimp/plugin-circle@https://registry.npmjs.org/@jimp/plugin-circle/-/plugin-circle-1.6.1.tgz 0ms (cache hit)
1851 http cache @jimp/plugin-blur@https://registry.npmjs.org/@jimp/plugin-blur/-/plugin-blur-1.6.1.tgz 0ms (cache hit)
1852 http cache @jimp/plugin-blit@https://registry.npmjs.org/@jimp/plugin-blit/-/plugin-blit-1.6.1.tgz 0ms (cache hit)
1853 http cache @jimp/js-tiff@https://registry.npmjs.org/@jimp/js-tiff/-/js-tiff-1.6.1.tgz 0ms (cache hit)
1854 http cache @jimp/js-png@https://registry.npmjs.org/@jimp/js-png/-/js-png-1.6.1.tgz 0ms (cache hit)
1855 http cache @jimp/js-jpeg@https://registry.npmjs.org/@jimp/js-jpeg/-/js-jpeg-1.6.1.tgz 0ms (cache hit)
1856 http cache @jimp/js-gif@https://registry.npmjs.org/@jimp/js-gif/-/js-gif-1.6.1.tgz 0ms (cache hit)
1857 http cache @jimp/js-bmp@https://registry.npmjs.org/@jimp/js-bmp/-/js-bmp-1.6.1.tgz 0ms (cache hit)
1858 http cache ms@https://registry.npmjs.org/ms/-/ms-2.1.3.tgz 0ms (cache hit)
1859 http cache @jimp/diff@https://registry.npmjs.org/@jimp/diff/-/diff-1.6.1.tgz 0ms (cache hit)
1860 http cache @jimp/core@https://registry.npmjs.org/@jimp/core/-/core-1.6.1.tgz 0ms (cache hit)
1861 http cache debug@https://registry.npmjs.org/debug/-/debug-4.4.3.tgz 0ms (cache hit)
1862 http cache agent-base@https://registry.npmjs.org/agent-base/-/agent-base-6.0.2.tgz 0ms (cache hit)
1863 http cache dunder-proto@https://registry.npmjs.org/dunder-proto/-/dunder-proto-1.0.1.tgz 0ms (cache hit)
1864 http cache tinygradient@https://registry.npmjs.org/tinygradient/-/tinygradient-1.1.5.tgz 0ms (cache hit)
1865 http cache math-intrinsics@https://registry.npmjs.org/math-intrinsics/-/math-intrinsics-1.1.0.tgz 0ms (cache hit)
1866 http cache has-symbols@https://registry.npmjs.org/has-symbols/-/has-symbols-1.1.0.tgz 0ms (cache hit)
1867 http cache gopd@https://registry.npmjs.org/gopd/-/gopd-1.2.0.tgz 0ms (cache hit)
1868 http cache get-proto@https://registry.npmjs.org/get-proto/-/get-proto-1.0.1.tgz 0ms (cache hit)
1869 http cache function-bind@https://registry.npmjs.org/function-bind/-/function-bind-1.1.2.tgz 0ms (cache hit)
1870 http cache es-object-atoms@https://registry.npmjs.org/es-object-atoms/-/es-object-atoms-1.1.2.tgz 0ms (cache hit)
1871 http cache call-bind-apply-helpers@https://registry.npmjs.org/call-bind-apply-helpers/-/call-bind-apply-helpers-1.0.2.tgz 0ms (cache hit)
1872 http cache has-tostringtag@https://registry.npmjs.org/has-tostringtag/-/has-tostringtag-1.0.2.tgz 0ms (cache hit)
1873 http cache es-define-property@https://registry.npmjs.org/es-define-property/-/es-define-property-1.0.1.tgz 0ms (cache hit)
1874 http cache get-intrinsic@https://registry.npmjs.org/get-intrinsic/-/get-intrinsic-1.3.0.tgz 0ms (cache hit)
1875 http cache es-errors@https://registry.npmjs.org/es-errors/-/es-errors-1.3.0.tgz 0ms (cache hit)
1876 http cache delayed-stream@https://registry.npmjs.org/delayed-stream/-/delayed-stream-1.0.0.tgz 0ms (cache hit)
1877 http cache hasown@https://registry.npmjs.org/hasown/-/hasown-2.0.4.tgz 0ms (cache hit)
1878 http cache es-set-tostringtag@https://registry.npmjs.org/es-set-tostringtag/-/es-set-tostringtag-2.1.0.tgz 0ms (cache hit)
1879 http cache combined-stream@https://registry.npmjs.org/combined-stream/-/combined-stream-1.0.8.tgz 0ms (cache hit)
1880 http cache asynckit@https://registry.npmjs.org/asynckit/-/asynckit-0.4.0.tgz 0ms (cache hit)
1881 http cache which@https://registry.npmjs.org/which/-/which-1.3.1.tgz 0ms (cache hit)
1882 http cache supports-color@https://registry.npmjs.org/supports-color/-/supports-color-7.2.0.tgz 0ms (cache hit)
1883 http cache ansi-styles@https://registry.npmjs.org/ansi-styles/-/ansi-styles-4.3.0.tgz 0ms (cache hit)
1884 http cache async@https://registry.npmjs.org/async/-/async-0.2.10.tgz 0ms (cache hit)
1885 http cache hashery@https://registry.npmjs.org/hashery/-/hashery-1.5.1.tgz 0ms (cache hit)
1886 http cache @keyv/bigmap@https://registry.npmjs.org/@keyv/bigmap/-/bigmap-1.3.1.tgz 0ms (cache hit)
1887 http cache @cacheable/utils@https://registry.npmjs.org/@cacheable/utils/-/utils-2.5.0.tgz 0ms (cache hit)
1888 http cache qified@https://registry.npmjs.org/qified/-/qified-0.10.1.tgz 0ms (cache hit)
1889 http cache @cacheable/memory@https://registry.npmjs.org/@cacheable/memory/-/memory-2.2.0.tgz 0ms (cache hit)
1890 http cache tslib@https://registry.npmjs.org/tslib/-/tslib-2.8.1.tgz 0ms (cache hit)
1891 http cache keyv@https://registry.npmjs.org/keyv/-/keyv-5.6.0.tgz 0ms (cache hit)
1892 http cache color-name@https://registry.npmjs.org/color-name/-/color-name-1.1.4.tgz 0ms (cache hit)
1893 http cache hookified@https://registry.npmjs.org/hookified/-/hookified-1.15.1.tgz 0ms (cache hit)
1894 http cache cacheable@https://registry.npmjs.org/cacheable/-/cacheable-2.5.0.tgz 0ms (cache hit)
1895 http cache ws@https://registry.npmjs.org/ws/-/ws-8.21.3.tgz 0ms (cache hit)
1896 http cache whatsapp-rust-bridge@https://registry.npmjs.org/whatsapp-rust-bridge/-/whatsapp-rust-bridge-0.5.5.tgz 0ms (cache hit)
1897 http cache p-queue@https://registry.npmjs.org/p-queue/-/p-queue-9.3.3.tgz 0ms (cache hit)
1898 http cache music-metadata@https://registry.npmjs.org/music-metadata/-/music-metadata-11.15.0.tgz 0ms (cache hit)
1899 http cache protobufjs@https://registry.npmjs.org/protobufjs/-/protobufjs-7.6.6.tgz 0ms (cache hit)
1900 http cache lru-cache@https://registry.npmjs.org/lru-cache/-/lru-cache-11.5.2.tgz 0ms (cache hit)
1901 http cache long@https://registry.npmjs.org/long/-/long-5.3.2.tgz 0ms (cache hit)
1902 http cache fflate@https://registry.npmjs.org/fflate/-/fflate-0.8.3.tgz 0ms (cache hit)
1903 http cache color-convert@https://registry.npmjs.org/color-convert/-/color-convert-2.0.1.tgz 0ms (cache hit)
1904 http cache async-mutex@https://registry.npmjs.org/async-mutex/-/async-mutex-0.5.0.tgz 0ms (cache hit)
1905 http cache @cacheable/node-cache@https://registry.npmjs.org/@cacheable/node-cache/-/node-cache-1.7.6.tgz 0ms (cache hit)
1906 http cache @adiwajshing/keyed-db@https://registry.npmjs.org/@adiwajshing/keyed-db/-/keyed-db-0.2.4.tgz 0ms (cache hit)
1907 http cache https-proxy-agent@https://registry.npmjs.org/https-proxy-agent/-/https-proxy-agent-5.0.1.tgz 0ms (cache hit)
1908 http cache proxy-from-env@https://registry.npmjs.org/proxy-from-env/-/proxy-from-env-2.1.0.tgz 0ms (cache hit)
1909 http cache follow-redirects@https://registry.npmjs.org/follow-redirects/-/follow-redirects-1.16.0.tgz 0ms (cache hit)
1910 http cache @hapi/hoek@https://registry.npmjs.org/@hapi/hoek/-/hoek-11.0.7.tgz 0ms (cache hit)
1911 http cache yt-search@https://registry.npmjs.org/yt-search/-/yt-search-2.13.1.tgz 0ms (cache hit)
1912 http cache uuid@https://registry.npmjs.org/uuid/-/uuid-14.0.2.tgz 0ms (cache hit)
1913 http cache yargs@https://registry.npmjs.org/yargs/-/yargs-18.1.0.tgz 0ms (cache hit)
1914 http cache syntax-error@https://registry.npmjs.org/syntax-error/-/syntax-error-1.4.0.tgz 0ms (cache hit)
1915 http cache readline-sync@https://registry.npmjs.org/readline-sync/-/readline-sync-1.4.10.tgz 0ms (cache hit)
1916 http cache qrcode-terminal@https://registry.npmjs.org/qrcode-terminal/-/qrcode-terminal-0.12.0.tgz 0ms (cache hit)
1917 http cache qrcode@https://registry.npmjs.org/qrcode/-/qrcode-1.5.4.tgz 0ms (cache hit)
1918 http cache pino@https://registry.npmjs.org/pino/-/pino-10.3.1.tgz 0ms (cache hit)
1919 http cache node-webpmux@https://registry.npmjs.org/node-webpmux/-/node-webpmux-3.2.1.tgz 0ms (cache hit)
1920 http cache node-fetch@https://registry.npmjs.org/node-fetch/-/node-fetch-2.7.0.tgz 0ms (cache hit)
1921 http cache node-cache@https://registry.npmjs.org/node-cache/-/node-cache-5.1.2.tgz 0ms (cache hit)
1922 http cache moment-timezone@https://registry.npmjs.org/moment-timezone/-/moment-timezone-0.5.48.tgz 0ms (cache hit)
1923 http cache moment@https://registry.npmjs.org/moment/-/moment-2.30.1.tgz 0ms (cache hit)
1924 http cache mime-types@https://registry.npmjs.org/mime-types/-/mime-types-3.0.2.tgz 0ms (cache hit)
1925 http cache human-readable@https://registry.npmjs.org/human-readable/-/human-readable-0.2.1.tgz 0ms (cache hit)
1926 http cache jimp@https://registry.npmjs.org/jimp/-/jimp-1.6.1.tgz 0ms (cache hit)
1927 http cache http@https://registry.npmjs.org/http/-/http-0.0.1-security.tgz 0ms (cache hit)
1928 http cache grapheme-splitter@https://registry.npmjs.org/grapheme-splitter/-/grapheme-splitter-1.0.4.tgz 0ms (cache hit)
1929 http cache gradient-string@https://registry.npmjs.org/gradient-string/-/gradient-string-2.0.2.tgz 0ms (cache hit)
1930 http cache form-data@https://registry.npmjs.org/form-data/-/form-data-4.0.6.tgz 0ms (cache hit)
1931 http cache fluent-ffmpeg@https://registry.npmjs.org/fluent-ffmpeg/-/fluent-ffmpeg-2.1.3.tgz 0ms (cache hit)
1932 http cache chalk@https://registry.npmjs.org/chalk/-/chalk-4.1.2.tgz 0ms (cache hit)
1933 http cache sharp@https://registry.npmjs.org/sharp/-/sharp-0.35.4.tgz 0ms (cache hit)
1934 http cache axios@https://registry.npmjs.org/axios/-/axios-1.20.0.tgz 0ms (cache hit)
1935 http cache entities@https://registry.npmjs.org/entities/-/entities-6.0.1.tgz 0ms (cache hit)
1936 http cache @hapi/boom@https://registry.npmjs.org/@hapi/boom/-/boom-10.0.1.tgz 0ms (cache hit)
1937 http cache entities@https://registry.npmjs.org/entities/-/entities-7.0.1.tgz 0ms (cache hit)
1938 http cache ansi-regex@https://registry.npmjs.org/ansi-regex/-/ansi-regex-3.0.1.tgz 0ms (cache hit)
1939 http cache strip-ansi@https://registry.npmjs.org/strip-ansi/-/strip-ansi-4.0.0.tgz 0ms (cache hit)
1940 http cache string-width@https://registry.npmjs.org/string-width/-/string-width-2.1.1.tgz 0ms (cache hit)
1941 http cache string-width@https://registry.npmjs.org/string-width/-/string-width-7.2.0.tgz 0ms (cache hit)
1942 http cache ansi-styles@https://registry.npmjs.org/ansi-styles/-/ansi-styles-6.2.3.tgz 0ms (cache hit)
1943 http cache string-width@https://registry.npmjs.org/string-width/-/string-width-7.2.0.tgz 0ms (cache hit)
1944 http cache real-require@https://registry.npmjs.org/real-require/-/real-require-1.0.0.tgz 0ms (cache hit)
1945 http cache pngjs@https://registry.npmjs.org/pngjs/-/pngjs-6.0.0.tgz 0ms (cache hit)
1946 http cache is-fullwidth-code-point@https://registry.npmjs.org/is-fullwidth-code-point/-/is-fullwidth-code-point-3.0.0.tgz 0ms (cache hit)
1947 http cache hookified@https://registry.npmjs.org/hookified/-/hookified-2.2.0.tgz 0ms (cache hit)
1948 http cache wrap-ansi@https://registry.npmjs.org/wrap-ansi/-/wrap-ansi-6.2.0.tgz 0ms (cache hit)
1949 http cache ansi-regex@https://registry.npmjs.org/ansi-regex/-/ansi-regex-5.0.1.tgz 0ms (cache hit)
1950 http cache emoji-regex@https://registry.npmjs.org/emoji-regex/-/emoji-regex-8.0.0.tgz 0ms (cache hit)
1951 http cache yargs-parser@https://registry.npmjs.org/yargs-parser/-/yargs-parser-18.1.3.tgz 0ms (cache hit)
1952 http cache strip-ansi@https://registry.npmjs.org/strip-ansi/-/strip-ansi-6.0.1.tgz 0ms (cache hit)
1953 http cache string-width@https://registry.npmjs.org/string-width/-/string-width-4.2.3.tgz 0ms (cache hit)
1954 http cache cliui@https://registry.npmjs.org/cliui/-/cliui-6.0.0.tgz 0ms (cache hit)
1955 http cache y18n@https://registry.npmjs.org/y18n/-/y18n-4.0.3.tgz 0ms (cache hit)
1956 http cache yargs@https://registry.npmjs.org/yargs/-/yargs-15.4.1.tgz 0ms (cache hit)
1957 http cache pngjs@https://registry.npmjs.org/pngjs/-/pngjs-5.0.0.tgz 0ms (cache hit)
1958 http cache mime-db@https://registry.npmjs.org/mime-db/-/mime-db-1.52.0.tgz 0ms (cache hit)
1959 http cache mime-types@https://registry.npmjs.org/mime-types/-/mime-types-2.1.35.tgz 0ms (cache hit)
1960 http cache thread-stream@https://registry.npmjs.org/thread-stream/-/thread-stream-3.2.0.tgz 0ms (cache hit)
1961 http cache @hapi/hoek@https://registry.npmjs.org/@hapi/hoek/-/hoek-9.3.0.tgz 0ms (cache hit)
1962 http cache pino-abstract-transport@https://registry.npmjs.org/pino-abstract-transport/-/pino-abstract-transport-2.0.0.tgz 0ms (cache hit)
1963 http cache pino@https://registry.npmjs.org/pino/-/pino-9.14.0.tgz 0ms (cache hit)
1964 http cache @hapi/boom@https://registry.npmjs.org/@hapi/boom/-/boom-9.1.4.tgz 0ms (cache hit)
1965 silly tarball no local data for camelcase@https://registry.npmjs.org/camelcase/-/camelcase-5.3.1.tgz. Extracting by manifest.
1966 silly tarball no local data for p-limit@https://registry.npmjs.org/p-limit/-/p-limit-2.3.0.tgz. Extracting by manifest.
1967 silly tarball no local data for p-try@https://registry.npmjs.org/p-try/-/p-try-2.2.0.tgz. Extracting by manifest.
1968 silly tarball no local data for path-exists@https://registry.npmjs.org/path-exists/-/path-exists-4.0.0.tgz. Extracting by manifest.
1969 silly tarball no local data for locate-path@https://registry.npmjs.org/locate-path/-/locate-path-5.0.0.tgz. Extracting by manifest.
1970 silly tarball no local data for which-module@https://registry.npmjs.org/which-module/-/which-module-2.0.1.tgz. Extracting by manifest.
1971 silly tarball no local data for set-blocking@https://registry.npmjs.org/set-blocking/-/set-blocking-2.0.0.tgz. Extracting by manifest.
1972 silly tarball no local data for require-main-filename@https://registry.npmjs.org/require-main-filename/-/require-main-filename-2.0.0.tgz. Extracting by manifest.
1973 silly tarball no local data for require-directory@https://registry.npmjs.org/require-directory/-/require-directory-2.1.1.tgz. Extracting by manifest.
1974 silly tarball no local data for find-up@https://registry.npmjs.org/find-up/-/find-up-4.1.0.tgz. Extracting by manifest.
1975 silly tarball no local data for decamelize@https://registry.npmjs.org/decamelize/-/decamelize-1.2.0.tgz. Extracting by manifest.
1976 silly tarball no local data for is-fullwidth-code-point@https://registry.npmjs.org/is-fullwidth-code-point/-/is-fullwidth-code-point-2.0.0.tgz. Extracting by manifest.
1977 silly tarball no local data for mimic-fn@https://registry.npmjs.org/mimic-fn/-/mimic-fn-2.1.0.tgz. Extracting by manifest.
1978 silly tarball no local data for p-locate@https://registry.npmjs.org/p-locate/-/p-locate-4.1.0.tgz. Extracting by manifest.
1979 silly tarball no local data for signal-exit@https://registry.npmjs.org/signal-exit/-/signal-exit-3.0.7.tgz. Extracting by manifest.
1980 silly tarball no local data for emoji-regex@https://registry.npmjs.org/emoji-regex/-/emoji-regex-10.6.0.tgz. Extracting by manifest.
1981 silly tarball no local data for onetime@https://registry.npmjs.org/onetime/-/onetime-5.1.2.tgz. Extracting by manifest.
1982 silly tarball no local data for concat-map@https://registry.npmjs.org/concat-map/-/concat-map-0.0.1.tgz. Extracting by manifest.
1983 silly tarball no local data for brace-expansion@https://registry.npmjs.org/brace-expansion/-/brace-expansion-1.1.18.tgz. Extracting by manifest.
1984 silly tarball no local data for minimatch@https://registry.npmjs.org/minimatch/-/minimatch-3.0.8.tgz. Extracting by manifest.
1985 silly tarball no local data for balanced-match@https://registry.npmjs.org/balanced-match/-/balanced-match-1.0.2.tgz. Extracting by manifest.
1986 silly tarball no local data for restore-cursor@https://registry.npmjs.org/restore-cursor/-/restore-cursor-3.1.0.tgz. Extracting by manifest.
1987 silly tarball no local data for ttys@https://registry.npmjs.org/ttys/-/ttys-0.0.3.tgz. Extracting by manifest.
1988 silly tarball no local data for redstar@https://registry.npmjs.org/redstar/-/redstar-0.0.2.tgz. Extracting by manifest.
1989 silly tarball no local data for picocolors@https://registry.npmjs.org/picocolors/-/picocolors-1.1.1.tgz. Extracting by manifest.
1990 silly tarball no local data for keypress@https://registry.npmjs.org/keypress/-/keypress-0.2.1.tgz. Extracting by manifest.
1991 silly tarball no local data for jsep@https://registry.npmjs.org/jsep/-/jsep-1.4.0.tgz. Extracting by manifest.
1992 silly tarball no local data for @jsep-plugin/regex@https://registry.npmjs.org/@jsep-plugin/regex/-/regex-1.0.4.tgz. Extracting by manifest.
1993 silly tarball no local data for @jsep-plugin/assignment@https://registry.npmjs.org/@jsep-plugin/assignment/-/assignment-1.3.0.tgz. Extracting by manifest.
1994 silly tarball no local data for safer-buffer@https://registry.npmjs.org/safer-buffer/-/safer-buffer-2.1.2.tgz. Extracting by manifest.
1995 silly tarball no local data for iconv-lite@https://registry.npmjs.org/iconv-lite/-/iconv-lite-0.6.3.tgz. Extracting by manifest.
1996 silly tarball no local data for entities@https://registry.npmjs.org/entities/-/entities-4.5.0.tgz. Extracting by manifest.
1997 silly tarball no local data for whatwg-encoding@https://registry.npmjs.org/whatwg-encoding/-/whatwg-encoding-3.1.1.tgz. Extracting by manifest.
1998 silly tarball no local data for nth-check@https://registry.npmjs.org/nth-check/-/nth-check-2.1.1.tgz. Extracting by manifest.
1999 silly tarball no local data for domelementtype@https://registry.npmjs.org/domelementtype/-/domelementtype-2.3.0.tgz. Extracting by manifest.
2000 silly tarball no local data for css-what@https://registry.npmjs.org/css-what/-/css-what-6.2.2.tgz. Extracting by manifest.
2001 silly tarball no local data for boolbase@https://registry.npmjs.org/boolbase/-/boolbase-1.0.0.tgz. Extracting by manifest.
2002 silly tarball no local data for css-select@https://registry.npmjs.org/css-select/-/css-select-5.2.2.tgz. Extracting by manifest.
2003 silly tarball no local data for undici@https://registry.npmjs.org/undici/-/undici-7.29.1.tgz. Extracting by manifest.
2004 silly tarball no local data for parse5-parser-stream@https://registry.npmjs.org/parse5-parser-stream/-/parse5-parser-stream-7.1.2.tgz. Extracting by manifest.
2005 silly tarball no local data for parse5-htmlparser2-tree-adapter@https://registry.npmjs.org/parse5-htmlparser2-tree-adapter/-/parse5-htmlparser2-tree-adapter-7.1.0.tgz. Extracting by manifest.
2006 silly tarball no local data for parse5@https://registry.npmjs.org/parse5/-/parse5-7.3.0.tgz. Extracting by manifest.
2007 silly tarball no local data for htmlparser2@https://registry.npmjs.org/htmlparser2/-/htmlparser2-10.1.0.tgz. Extracting by manifest.
2008 silly tarball no local data for whatwg-mimetype@https://registry.npmjs.org/whatwg-mimetype/-/whatwg-mimetype-4.0.0.tgz. Extracting by manifest.
2009 silly tarball no local data for encoding-sniffer@https://registry.npmjs.org/encoding-sniffer/-/encoding-sniffer-0.2.1.tgz. Extracting by manifest.
2010 silly tarball no local data for domutils@https://registry.npmjs.org/domutils/-/domutils-3.2.2.tgz. Extracting by manifest.
2011 silly tarball no local data for domhandler@https://registry.npmjs.org/domhandler/-/domhandler-5.0.3.tgz. Extracting by manifest.
2012 silly tarball no local data for dom-serializer@https://registry.npmjs.org/dom-serializer/-/dom-serializer-2.0.0.tgz. Extracting by manifest.
2013 silly tarball no local data for cheerio-select@https://registry.npmjs.org/cheerio-select/-/cheerio-select-2.1.0.tgz. Extracting by manifest.
2014 silly tarball no local data for async.util.restparam@https://registry.npmjs.org/async.util.restparam/-/async.util.restparam-0.5.2.tgz. Extracting by manifest.
2015 silly tarball no local data for async.util.isarray@https://registry.npmjs.org/async.util.isarray/-/async.util.isarray-0.5.2.tgz. Extracting by manifest.
2016 silly tarball no local data for async.util.keys@https://registry.npmjs.org/async.util.keys/-/async.util.keys-0.5.2.tgz. Extracting by manifest.
2017 silly tarball no local data for async.util.isarraylike@https://registry.npmjs.org/async.util.isarraylike/-/async.util.isarraylike-0.5.2.tgz. Extracting by manifest.
2018 silly tarball no local data for async.util.onlyonce@https://registry.npmjs.org/async.util.onlyonce/-/async.util.onlyonce-0.5.2.tgz. Extracting by manifest.
2019 silly tarball no local data for async.util.once@https://registry.npmjs.org/async.util.once/-/async.util.once-0.5.2.tgz. Extracting by manifest.
2020 silly tarball no local data for async.util.noop@https://registry.npmjs.org/async.util.noop/-/async.util.noop-0.5.2.tgz. Extracting by manifest.
2021 silly tarball no local data for async.util.keyiterator@https://registry.npmjs.org/async.util.keyiterator/-/async.util.keyiterator-0.5.2.tgz. Extracting by manifest.
2022 silly tarball no local data for async.util.eachoflimit@https://registry.npmjs.org/async.util.eachoflimit/-/async.util.eachoflimit-0.5.2.tgz. Extracting by manifest.
2023 silly tarball no local data for async.util.parallel@https://registry.npmjs.org/async.util.parallel/-/async.util.parallel-0.5.2.tgz. Extracting by manifest.
2024 silly tarball no local data for node-fzf@https://registry.npmjs.org/node-fzf/-/node-fzf-0.14.0.tgz. Extracting by manifest.
2025 silly tarball no local data for minimist@https://registry.npmjs.org/minimist/-/minimist-1.2.8.tgz. Extracting by manifest.
2026 silly tarball no local data for jsonpath-plus@https://registry.npmjs.org/jsonpath-plus/-/jsonpath-plus-10.3.0.tgz. Extracting by manifest.
2027 silly tarball no local data for human-time@https://registry.npmjs.org/human-time/-/human-time-0.0.2.tgz. Extracting by manifest.
2028 silly tarball no local data for dasu@https://registry.npmjs.org/dasu/-/dasu-0.4.3.tgz. Extracting by manifest.
2029 silly tarball no local data for cheerio@https://registry.npmjs.org/cheerio/-/cheerio-1.2.0.tgz. Extracting by manifest.
2030 silly tarball no local data for boolstring@https://registry.npmjs.org/boolstring/-/boolstring-2.0.1.tgz. Extracting by manifest.
2031 silly tarball no local data for async.parallellimit@https://registry.npmjs.org/async.parallellimit/-/async.parallellimit-0.5.2.tgz. Extracting by manifest.
2032 silly tarball no local data for ansi-regex@https://registry.npmjs.org/ansi-regex/-/ansi-regex-6.3.0.tgz. Extracting by manifest.
2033 silly tarball no local data for get-east-asian-width@https://registry.npmjs.org/get-east-asian-width/-/get-east-asian-width-1.6.0.tgz. Extracting by manifest.
2034 silly tarball no local data for wrap-ansi@https://registry.npmjs.org/wrap-ansi/-/wrap-ansi-9.0.2.tgz. Extracting by manifest.
2035 silly tarball no local data for strip-ansi@https://registry.npmjs.org/strip-ansi/-/strip-ansi-7.2.0.tgz. Extracting by manifest.
2036 silly tarball no local data for y18n@https://registry.npmjs.org/y18n/-/y18n-5.0.8.tgz. Extracting by manifest.
2037 silly tarball no local data for yargs-parser@https://registry.npmjs.org/yargs-parser/-/yargs-parser-22.0.0.tgz. Extracting by manifest.
2038 silly tarball no local data for string-width@https://registry.npmjs.org/string-width/-/string-width-8.2.2.tgz. Extracting by manifest.
2039 silly tarball no local data for escalade@https://registry.npmjs.org/escalade/-/escalade-3.2.0.tgz. Extracting by manifest.
2040 silly tarball no local data for cliui@https://registry.npmjs.org/cliui/-/cliui-9.0.1.tgz. Extracting by manifest.
2041 silly tarball no local data for get-caller-file@https://registry.npmjs.org/get-caller-file/-/get-caller-file-2.0.5.tgz. Extracting by manifest.
2042 silly tarball no local data for sax@https://registry.npmjs.org/sax/-/sax-1.6.1.tgz. Extracting by manifest.
2043 silly tarball no local data for xmlbuilder@https://registry.npmjs.org/xmlbuilder/-/xmlbuilder-11.0.1.tgz. Extracting by manifest.
2044 silly tarball no local data for webidl-conversions@https://registry.npmjs.org/webidl-conversions/-/webidl-conversions-3.0.1.tgz. Extracting by manifest.
2045 silly tarball no local data for isexe@https://registry.npmjs.org/isexe/-/isexe-2.0.0.tgz. Extracting by manifest.
2046 silly tarball no local data for tr46@https://registry.npmjs.org/tr46/-/tr46-0.0.3.tgz. Extracting by manifest.
2047 silly tarball no local data for ieee754@https://registry.npmjs.org/ieee754/-/ieee754-1.2.1.tgz. Extracting by manifest.
2048 silly tarball no local data for pako@https://registry.npmjs.org/pako/-/pako-1.0.11.tgz. Extracting by manifest.
2049 silly tarball no local data for @types/tinycolor2@https://registry.npmjs.org/@types/tinycolor2/-/tinycolor2-1.4.6.tgz. Extracting by manifest.
2050 silly tarball no local data for acorn-walk@https://registry.npmjs.org/acorn-walk/-/acorn-walk-7.2.0.tgz. Extracting by manifest.
2051 silly tarball no local data for acorn@https://registry.npmjs.org/acorn/-/acorn-7.4.1.tgz. Extracting by manifest.
2052 silly tarball no local data for xtend@https://registry.npmjs.org/xtend/-/xtend-4.0.2.tgz. Extracting by manifest.
2053 silly tarball no local data for semver@https://registry.npmjs.org/semver/-/semver-7.8.5.tgz. Extracting by manifest.
2054 silly tarball no local data for acorn-node@https://registry.npmjs.org/acorn-node/-/acorn-node-1.8.2.tgz. Extracting by manifest.
2055 silly tarball no local data for has-flag@https://registry.npmjs.org/has-flag/-/has-flag-4.0.0.tgz. Extracting by manifest.
2056 silly tarball no local data for detect-libc@https://registry.npmjs.org/detect-libc/-/detect-libc-2.1.2.tgz. Extracting by manifest.
2057 silly tarball no local data for @img/sharp-linux-arm64@https://registry.npmjs.org/@img/sharp-linux-arm64/-/sharp-linux-arm64-0.35.4.tgz. Extracting by manifest.
2058 silly tarball no local data for @img/colour@https://registry.npmjs.org/@img/colour/-/colour-1.1.0.tgz. Extracting by manifest.
2059 silly tarball no local data for dijkstrajs@https://registry.npmjs.org/dijkstrajs/-/dijkstrajs-1.0.3.tgz. Extracting by manifest.
2060 silly tarball no local data for @img/sharp-libvips-linux-arm64@https://registry.npmjs.org/@img/sharp-libvips-linux-arm64/-/sharp-libvips-linux-arm64-1.3.3.tgz. Extracting by manifest.
2061 silly tarball no local data for @protobufjs/utf8@https://registry.npmjs.org/@protobufjs/utf8/-/utf8-1.1.2.tgz. Extracting by manifest.
2062 silly tarball no local data for @protobufjs/pool@https://registry.npmjs.org/@protobufjs/pool/-/pool-1.1.0.tgz. Extracting by manifest.
2063 silly tarball no local data for @protobufjs/path@https://registry.npmjs.org/@protobufjs/path/-/path-1.1.2.tgz. Extracting by manifest.
2064 silly tarball no local data for @protobufjs/float@https://registry.npmjs.org/@protobufjs/float/-/float-1.0.2.tgz. Extracting by manifest.
2065 silly tarball no local data for @protobufjs/fetch@https://registry.npmjs.org/@protobufjs/fetch/-/fetch-1.1.1.tgz. Extracting by manifest.
2066 silly tarball no local data for @protobufjs/codegen@https://registry.npmjs.org/@protobufjs/codegen/-/codegen-2.0.5.tgz. Extracting by manifest.
2067 silly tarball no local data for @protobufjs/eventemitter@https://registry.npmjs.org/@protobufjs/eventemitter/-/eventemitter-1.1.1.tgz. Extracting by manifest.
2068 silly tarball no local data for @protobufjs/base64@https://registry.npmjs.org/@protobufjs/base64/-/base64-1.1.2.tgz. Extracting by manifest.
2069 silly tarball no local data for split2@https://registry.npmjs.org/split2/-/split2-4.2.0.tgz. Extracting by manifest.
2070 silly tarball no local data for @protobufjs/aspromise@https://registry.npmjs.org/@protobufjs/aspromise/-/aspromise-1.1.2.tgz. Extracting by manifest.
2071 silly tarball no local data for thread-stream@https://registry.npmjs.org/thread-stream/-/thread-stream-4.2.0.tgz. Extracting by manifest.
2072 silly tarball no local data for real-require@https://registry.npmjs.org/real-require/-/real-require-0.2.0.tgz. Extracting by manifest.
2073 silly tarball no local data for quick-format-unescaped@https://registry.npmjs.org/quick-format-unescaped/-/quick-format-unescaped-4.0.4.tgz. Extracting by manifest.
2074 silly tarball no local data for safe-stable-stringify@https://registry.npmjs.org/safe-stable-stringify/-/safe-stable-stringify-2.5.0.tgz. Extracting by manifest.
2075 silly tarball no local data for process-warning@https://registry.npmjs.org/process-warning/-/process-warning-5.1.0.tgz. Extracting by manifest.
2076 silly tarball no local data for pino-std-serializers@https://registry.npmjs.org/pino-std-serializers/-/pino-std-serializers-7.1.0.tgz. Extracting by manifest.
2077 silly tarball no local data for pino-abstract-transport@https://registry.npmjs.org/pino-abstract-transport/-/pino-abstract-transport-3.0.0.tgz. Extracting by manifest.
2078 silly tarball no local data for on-exit-leak-free@https://registry.npmjs.org/on-exit-leak-free/-/on-exit-leak-free-2.1.2.tgz. Extracting by manifest.
2079 silly tarball no local data for sonic-boom@https://registry.npmjs.org/sonic-boom/-/sonic-boom-4.2.1.tgz. Extracting by manifest.
2080 silly tarball no local data for atomic-sleep@https://registry.npmjs.org/atomic-sleep/-/atomic-sleep-1.0.0.tgz. Extracting by manifest.
2081 silly tarball no local data for @pinojs/redact@https://registry.npmjs.org/@pinojs/redact/-/redact-0.4.0.tgz. Extracting by manifest.
2082 silly tarball no local data for xml-parse-from-string@https://registry.npmjs.org/xml-parse-from-string/-/xml-parse-from-string-1.0.1.tgz. Extracting by manifest.
2083 silly tarball no local data for xml2js@https://registry.npmjs.org/xml2js/-/xml2js-0.5.0.tgz. Extracting by manifest.
2084 silly tarball no local data for p-timeout@https://registry.npmjs.org/p-timeout/-/p-timeout-7.0.1.tgz. Extracting by manifest.
2085 silly tarball no local data for eventemitter3@https://registry.npmjs.org/eventemitter3/-/eventemitter3-5.0.4.tgz. Extracting by manifest.
2086 silly tarball no local data for whatwg-url@https://registry.npmjs.org/whatwg-url/-/whatwg-url-5.0.0.tgz. Extracting by manifest.
2087 silly tarball no local data for clone@https://registry.npmjs.org/clone/-/clone-2.1.2.tgz. Extracting by manifest.
2088 silly tarball no local data for win-guid@https://registry.npmjs.org/win-guid/-/win-guid-0.2.1.tgz. Extracting by manifest.
2089 silly tarball no local data for media-typer@https://registry.npmjs.org/media-typer/-/media-typer-2.0.0.tgz. Extracting by manifest.
2090 silly tarball no local data for content-type@https://registry.npmjs.org/content-type/-/content-type-2.1.0.tgz. Extracting by manifest.
2091 silly tarball no local data for @borewit/text-codec@https://registry.npmjs.org/@borewit/text-codec/-/text-codec-0.2.2.tgz. Extracting by manifest.
2092 silly tarball no local data for @tokenizer/token@https://registry.npmjs.org/@tokenizer/token/-/token-0.3.0.tgz. Extracting by manifest.
2093 silly tarball no local data for mime-db@https://registry.npmjs.org/mime-db/-/mime-db-1.54.0.tgz. Extracting by manifest.
2094 silly tarball no local data for curve25519-js@https://registry.npmjs.org/curve25519-js/-/curve25519-js-0.0.4.tgz. Extracting by manifest.
2095 silly tarball no local data for uint8array-extras@https://registry.npmjs.org/uint8array-extras/-/uint8array-extras-1.5.0.tgz. Extracting by manifest.
2096 silly tarball no local data for @types/node@https://registry.npmjs.org/@types/node/-/node-16.9.1.tgz. Extracting by manifest.
2097 silly tarball no local data for @keyv/serialize@https://registry.npmjs.org/@keyv/serialize/-/serialize-1.1.1.tgz. Extracting by manifest.
2098 silly tarball no local data for token-types@https://registry.npmjs.org/token-types/-/token-types-6.1.2.tgz. Extracting by manifest.
2099 silly tarball no local data for strtok3@https://registry.npmjs.org/strtok3/-/strtok3-10.3.5.tgz. Extracting by manifest.
2100 silly tarball no local data for @tokenizer/inflate@https://registry.npmjs.org/@tokenizer/inflate/-/inflate-0.4.1.tgz. Extracting by manifest.
2101 silly tarball no local data for image-q@https://registry.npmjs.org/image-q/-/image-q-4.0.0.tgz. Extracting by manifest.
2102 silly tarball no local data for simple-xml-to-json@https://registry.npmjs.org/simple-xml-to-json/-/simple-xml-to-json-1.2.7.tgz. Extracting by manifest.
2103 silly tarball no local data for parse-bmfont-binary@https://registry.npmjs.org/parse-bmfont-binary/-/parse-bmfont-binary-1.0.6.tgz. Extracting by manifest.
2104 silly tarball no local data for parse-bmfont-xml@https://registry.npmjs.org/parse-bmfont-xml/-/parse-bmfont-xml-1.1.6.tgz. Extracting by manifest.
2105 silly tarball no local data for any-base@https://registry.npmjs.org/any-base/-/any-base-1.1.0.tgz. Extracting by manifest.
2106 silly tarball no local data for tinycolor2@https://registry.npmjs.org/tinycolor2/-/tinycolor2-1.6.0.tgz. Extracting by manifest.
2107 silly tarball no local data for parse-bmfont-ascii@https://registry.npmjs.org/parse-bmfont-ascii/-/parse-bmfont-ascii-1.0.6.tgz. Extracting by manifest.
2108 silly tarball no local data for zod@https://registry.npmjs.org/zod/-/zod-3.25.76.tgz. Extracting by manifest.
2109 silly tarball no local data for utif2@https://registry.npmjs.org/utif2/-/utif2-4.1.0.tgz. Extracting by manifest.
2110 silly tarball no local data for pngjs@https://registry.npmjs.org/pngjs/-/pngjs-7.0.0.tgz. Extracting by manifest.
2111 silly tarball no local data for jpeg-js@https://registry.npmjs.org/jpeg-js/-/jpeg-js-0.4.4.tgz. Extracting by manifest.
2112 silly tarball no local data for omggif@https://registry.npmjs.org/omggif/-/omggif-1.0.10.tgz. Extracting by manifest.
2113 silly tarball no local data for pixelmatch@https://registry.npmjs.org/pixelmatch/-/pixelmatch-5.3.0.tgz. Extracting by manifest.
2114 silly tarball no local data for file-type@https://registry.npmjs.org/file-type/-/file-type-21.3.4.tgz. Extracting by manifest.
2115 silly tarball no local data for mime@https://registry.npmjs.org/mime/-/mime-3.0.0.tgz. Extracting by manifest.
2116 silly tarball no local data for exif-parser@https://registry.npmjs.org/exif-parser/-/exif-parser-0.1.12.tgz. Extracting by manifest.
2117 silly tarball no local data for await-to-js@https://registry.npmjs.org/await-to-js/-/await-to-js-3.0.0.tgz. Extracting by manifest.
2118 silly tarball no local data for bmp-ts@https://registry.npmjs.org/bmp-ts/-/bmp-ts-1.0.9.tgz. Extracting by manifest.
2119 silly tarball no local data for gifwrap@https://registry.npmjs.org/gifwrap/-/gifwrap-0.10.1.tgz. Extracting by manifest.
2120 silly tarball no local data for @jimp/file-ops@https://registry.npmjs.org/@jimp/file-ops/-/file-ops-1.6.1.tgz. Extracting by manifest.
2121 silly tarball no local data for @jimp/utils@https://registry.npmjs.org/@jimp/utils/-/utils-1.6.1.tgz. Extracting by manifest.
2122 silly tarball no local data for @jimp/types@https://registry.npmjs.org/@jimp/types/-/types-1.6.1.tgz. Extracting by manifest.
2123 silly tarball no local data for @jimp/plugin-threshold@https://registry.npmjs.org/@jimp/plugin-threshold/-/plugin-threshold-1.6.1.tgz. Extracting by manifest.
2124 silly tarball no local data for @jimp/plugin-rotate@https://registry.npmjs.org/@jimp/plugin-rotate/-/plugin-rotate-1.6.1.tgz. Extracting by manifest.
2125 silly tarball no local data for @jimp/plugin-resize@https://registry.npmjs.org/@jimp/plugin-resize/-/plugin-resize-1.6.1.tgz. Extracting by manifest.
2126 silly tarball no local data for @jimp/plugin-print@https://registry.npmjs.org/@jimp/plugin-print/-/plugin-print-1.6.1.tgz. Extracting by manifest.
2127 silly tarball no local data for @jimp/plugin-quantize@https://registry.npmjs.org/@jimp/plugin-quantize/-/plugin-quantize-1.6.1.tgz. Extracting by manifest.
2128 silly tarball no local data for @jimp/plugin-mask@https://registry.npmjs.org/@jimp/plugin-mask/-/plugin-mask-1.6.1.tgz. Extracting by manifest.
2129 silly tarball no local data for @jimp/plugin-hash@https://registry.npmjs.org/@jimp/plugin-hash/-/plugin-hash-1.6.1.tgz. Extracting by manifest.
2130 silly tarball no local data for @jimp/plugin-flip@https://registry.npmjs.org/@jimp/plugin-flip/-/plugin-flip-1.6.1.tgz. Extracting by manifest.
2131 silly tarball no local data for @jimp/plugin-fisheye@https://registry.npmjs.org/@jimp/plugin-fisheye/-/plugin-fisheye-1.6.1.tgz. Extracting by manifest.
2132 silly tarball no local data for @jimp/plugin-dither@https://registry.npmjs.org/@jimp/plugin-dither/-/plugin-dither-1.6.1.tgz. Extracting by manifest.
2133 silly tarball no local data for @jimp/plugin-displace@https://registry.npmjs.org/@jimp/plugin-displace/-/plugin-displace-1.6.1.tgz. Extracting by manifest.
2134 silly tarball no local data for @jimp/plugin-crop@https://registry.npmjs.org/@jimp/plugin-crop/-/plugin-crop-1.6.1.tgz. Extracting by manifest.
2135 silly tarball no local data for @jimp/plugin-cover@https://registry.npmjs.org/@jimp/plugin-cover/-/plugin-cover-1.6.1.tgz. Extracting by manifest.
2136 silly tarball no local data for @jimp/plugin-contain@https://registry.npmjs.org/@jimp/plugin-contain/-/plugin-contain-1.6.1.tgz. Extracting by manifest.
2137 silly tarball no local data for @jimp/plugin-color@https://registry.npmjs.org/@jimp/plugin-color/-/plugin-color-1.6.1.tgz. Extracting by manifest.
2138 silly tarball no local data for @jimp/plugin-circle@https://registry.npmjs.org/@jimp/plugin-circle/-/plugin-circle-1.6.1.tgz. Extracting by manifest.
2139 silly tarball no local data for @jimp/plugin-blur@https://registry.npmjs.org/@jimp/plugin-blur/-/plugin-blur-1.6.1.tgz. Extracting by manifest.
2140 silly tarball no local data for @jimp/plugin-blit@https://registry.npmjs.org/@jimp/plugin-blit/-/plugin-blit-1.6.1.tgz. Extracting by manifest.
2141 silly tarball no local data for @jimp/js-tiff@https://registry.npmjs.org/@jimp/js-tiff/-/js-tiff-1.6.1.tgz. Extracting by manifest.
2142 silly tarball no local data for @jimp/js-png@https://registry.npmjs.org/@jimp/js-png/-/js-png-1.6.1.tgz. Extracting by manifest.
2143 silly tarball no local data for @jimp/js-jpeg@https://registry.npmjs.org/@jimp/js-jpeg/-/js-jpeg-1.6.1.tgz. Extracting by manifest.
2144 silly tarball no local data for @jimp/js-gif@https://registry.npmjs.org/@jimp/js-gif/-/js-gif-1.6.1.tgz. Extracting by manifest.
2145 silly tarball no local data for @jimp/js-bmp@https://registry.npmjs.org/@jimp/js-bmp/-/js-bmp-1.6.1.tgz. Extracting by manifest.
2146 silly tarball no local data for ms@https://registry.npmjs.org/ms/-/ms-2.1.3.tgz. Extracting by manifest.
2147 silly tarball no local data for @jimp/diff@https://registry.npmjs.org/@jimp/diff/-/diff-1.6.1.tgz. Extracting by manifest.
2148 silly tarball no local data for @jimp/core@https://registry.npmjs.org/@jimp/core/-/core-1.6.1.tgz. Extracting by manifest.
2149 silly tarball no local data for debug@https://registry.npmjs.org/debug/-/debug-4.4.3.tgz. Extracting by manifest.
2150 silly tarball no local data for agent-base@https://registry.npmjs.org/agent-base/-/agent-base-6.0.2.tgz. Extracting by manifest.
2151 silly tarball no local data for dunder-proto@https://registry.npmjs.org/dunder-proto/-/dunder-proto-1.0.1.tgz. Extracting by manifest.
2152 silly tarball no local data for tinygradient@https://registry.npmjs.org/tinygradient/-/tinygradient-1.1.5.tgz. Extracting by manifest.
2153 silly tarball no local data for math-intrinsics@https://registry.npmjs.org/math-intrinsics/-/math-intrinsics-1.1.0.tgz. Extracting by manifest.
2154 silly tarball no local data for has-symbols@https://registry.npmjs.org/has-symbols/-/has-symbols-1.1.0.tgz. Extracting by manifest.
2155 silly tarball no local data for gopd@https://registry.npmjs.org/gopd/-/gopd-1.2.0.tgz. Extracting by manifest.
2156 silly tarball no local data for get-proto@https://registry.npmjs.org/get-proto/-/get-proto-1.0.1.tgz. Extracting by manifest.
2157 silly tarball no local data for function-bind@https://registry.npmjs.org/function-bind/-/function-bind-1.1.2.tgz. Extracting by manifest.
2158 silly tarball no local data for es-object-atoms@https://registry.npmjs.org/es-object-atoms/-/es-object-atoms-1.1.2.tgz. Extracting by manifest.
2159 silly tarball no local data for call-bind-apply-helpers@https://registry.npmjs.org/call-bind-apply-helpers/-/call-bind-apply-helpers-1.0.2.tgz. Extracting by manifest.
2160 silly tarball no local data for has-tostringtag@https://registry.npmjs.org/has-tostringtag/-/has-tostringtag-1.0.2.tgz. Extracting by manifest.
2161 silly tarball no local data for es-define-property@https://registry.npmjs.org/es-define-property/-/es-define-property-1.0.1.tgz. Extracting by manifest.
2162 silly tarball no local data for get-intrinsic@https://registry.npmjs.org/get-intrinsic/-/get-intrinsic-1.3.0.tgz. Extracting by manifest.
2163 silly tarball no local data for es-errors@https://registry.npmjs.org/es-errors/-/es-errors-1.3.0.tgz. Extracting by manifest.
2164 silly tarball no local data for delayed-stream@https://registry.npmjs.org/delayed-stream/-/delayed-stream-1.0.0.tgz. Extracting by manifest.
2165 silly tarball no local data for hasown@https://registry.npmjs.org/hasown/-/hasown-2.0.4.tgz. Extracting by manifest.
2166 silly tarball no local data for es-set-tostringtag@https://registry.npmjs.org/es-set-tostringtag/-/es-set-tostringtag-2.1.0.tgz. Extracting by manifest.
2167 silly tarball no local data for combined-stream@https://registry.npmjs.org/combined-stream/-/combined-stream-1.0.8.tgz. Extracting by manifest.
2168 silly tarball no local data for asynckit@https://registry.npmjs.org/asynckit/-/asynckit-0.4.0.tgz. Extracting by manifest.
2169 silly tarball no local data for which@https://registry.npmjs.org/which/-/which-1.3.1.tgz. Extracting by manifest.
2170 silly tarball no local data for supports-color@https://registry.npmjs.org/supports-color/-/supports-color-7.2.0.tgz. Extracting by manifest.
2171 silly tarball no local data for ansi-styles@https://registry.npmjs.org/ansi-styles/-/ansi-styles-4.3.0.tgz. Extracting by manifest.
2172 silly tarball no local data for async@https://registry.npmjs.org/async/-/async-0.2.10.tgz. Extracting by manifest.
2173 silly tarball no local data for hashery@https://registry.npmjs.org/hashery/-/hashery-1.5.1.tgz. Extracting by manifest.
2174 silly tarball no local data for @keyv/bigmap@https://registry.npmjs.org/@keyv/bigmap/-/bigmap-1.3.1.tgz. Extracting by manifest.
2175 silly tarball no local data for @cacheable/utils@https://registry.npmjs.org/@cacheable/utils/-/utils-2.5.0.tgz. Extracting by manifest.
2176 silly tarball no local data for qified@https://registry.npmjs.org/qified/-/qified-0.10.1.tgz. Extracting by manifest.
2177 silly tarball no local data for @cacheable/memory@https://registry.npmjs.org/@cacheable/memory/-/memory-2.2.0.tgz. Extracting by manifest.
2178 silly tarball no local data for tslib@https://registry.npmjs.org/tslib/-/tslib-2.8.1.tgz. Extracting by manifest.
2179 silly tarball no local data for keyv@https://registry.npmjs.org/keyv/-/keyv-5.6.0.tgz. Extracting by manifest.
2180 silly tarball no local data for color-name@https://registry.npmjs.org/color-name/-/color-name-1.1.4.tgz. Extracting by manifest.
2181 silly tarball no local data for hookified@https://registry.npmjs.org/hookified/-/hookified-1.15.1.tgz. Extracting by manifest.
2182 silly tarball no local data for cacheable@https://registry.npmjs.org/cacheable/-/cacheable-2.5.0.tgz. Extracting by manifest.
2183 silly tarball no local data for ws@https://registry.npmjs.org/ws/-/ws-8.21.3.tgz. Extracting by manifest.
2184 silly tarball no local data for whatsapp-rust-bridge@https://registry.npmjs.org/whatsapp-rust-bridge/-/whatsapp-rust-bridge-0.5.5.tgz. Extracting by manifest.
2185 silly tarball no local data for p-queue@https://registry.npmjs.org/p-queue/-/p-queue-9.3.3.tgz. Extracting by manifest.
2186 silly tarball no local data for music-metadata@https://registry.npmjs.org/music-metadata/-/music-metadata-11.15.0.tgz. Extracting by manifest.
2187 silly tarball no local data for protobufjs@https://registry.npmjs.org/protobufjs/-/protobufjs-7.6.6.tgz. Extracting by manifest.
2188 silly tarball no local data for lru-cache@https://registry.npmjs.org/lru-cache/-/lru-cache-11.5.2.tgz. Extracting by manifest.
2189 silly tarball no local data for long@https://registry.npmjs.org/long/-/long-5.3.2.tgz. Extracting by manifest.
2190 silly tarball no local data for fflate@https://registry.npmjs.org/fflate/-/fflate-0.8.3.tgz. Extracting by manifest.
2191 silly tarball no local data for color-convert@https://registry.npmjs.org/color-convert/-/color-convert-2.0.1.tgz. Extracting by manifest.
2192 silly tarball no local data for async-mutex@https://registry.npmjs.org/async-mutex/-/async-mutex-0.5.0.tgz. Extracting by manifest.
2193 silly tarball no local data for @cacheable/node-cache@https://registry.npmjs.org/@cacheable/node-cache/-/node-cache-1.7.6.tgz. Extracting by manifest.
2194 silly tarball no local data for @adiwajshing/keyed-db@https://registry.npmjs.org/@adiwajshing/keyed-db/-/keyed-db-0.2.4.tgz. Extracting by manifest.
2195 silly tarball no local data for https-proxy-agent@https://registry.npmjs.org/https-proxy-agent/-/https-proxy-agent-5.0.1.tgz. Extracting by manifest.
2196 silly tarball no local data for proxy-from-env@https://registry.npmjs.org/proxy-from-env/-/proxy-from-env-2.1.0.tgz. Extracting by manifest.
2197 silly tarball no local data for follow-redirects@https://registry.npmjs.org/follow-redirects/-/follow-redirects-1.16.0.tgz. Extracting by manifest.
2198 silly tarball no local data for @hapi/hoek@https://registry.npmjs.org/@hapi/hoek/-/hoek-11.0.7.tgz. Extracting by manifest.
2199 silly tarball no local data for yt-search@https://registry.npmjs.org/yt-search/-/yt-search-2.13.1.tgz. Extracting by manifest.
2200 silly tarball no local data for uuid@https://registry.npmjs.org/uuid/-/uuid-14.0.2.tgz. Extracting by manifest.
2201 silly tarball no local data for yargs@https://registry.npmjs.org/yargs/-/yargs-18.1.0.tgz. Extracting by manifest.
2202 silly tarball no local data for syntax-error@https://registry.npmjs.org/syntax-error/-/syntax-error-1.4.0.tgz. Extracting by manifest.
2203 silly tarball no local data for readline-sync@https://registry.npmjs.org/readline-sync/-/readline-sync-1.4.10.tgz. Extracting by manifest.
2204 silly tarball no local data for qrcode-terminal@https://registry.npmjs.org/qrcode-terminal/-/qrcode-terminal-0.12.0.tgz. Extracting by manifest.
2205 silly tarball no local data for qrcode@https://registry.npmjs.org/qrcode/-/qrcode-1.5.4.tgz. Extracting by manifest.
2206 silly tarball no local data for pino@https://registry.npmjs.org/pino/-/pino-10.3.1.tgz. Extracting by manifest.
2207 silly tarball no local data for node-webpmux@https://registry.npmjs.org/node-webpmux/-/node-webpmux-3.2.1.tgz. Extracting by manifest.
2208 silly tarball no local data for node-fetch@https://registry.npmjs.org/node-fetch/-/node-fetch-2.7.0.tgz. Extracting by manifest.
2209 silly tarball no local data for node-cache@https://registry.npmjs.org/node-cache/-/node-cache-5.1.2.tgz. Extracting by manifest.
2210 silly tarball no local data for moment-timezone@https://registry.npmjs.org/moment-timezone/-/moment-timezone-0.5.48.tgz. Extracting by manifest.
2211 silly tarball no local data for moment@https://registry.npmjs.org/moment/-/moment-2.30.1.tgz. Extracting by manifest.
2212 silly tarball no local data for mime-types@https://registry.npmjs.org/mime-types/-/mime-types-3.0.2.tgz. Extracting by manifest.
2213 silly tarball no local data for human-readable@https://registry.npmjs.org/human-readable/-/human-readable-0.2.1.tgz. Extracting by manifest.
2214 silly tarball no local data for jimp@https://registry.npmjs.org/jimp/-/jimp-1.6.1.tgz. Extracting by manifest.
2215 silly tarball no local data for http@https://registry.npmjs.org/http/-/http-0.0.1-security.tgz. Extracting by manifest.
2216 silly tarball no local data for grapheme-splitter@https://registry.npmjs.org/grapheme-splitter/-/grapheme-splitter-1.0.4.tgz. Extracting by manifest.
2217 silly tarball no local data for gradient-string@https://registry.npmjs.org/gradient-string/-/gradient-string-2.0.2.tgz. Extracting by manifest.
2218 silly tarball no local data for form-data@https://registry.npmjs.org/form-data/-/form-data-4.0.6.tgz. Extracting by manifest.
2219 silly tarball no local data for fluent-ffmpeg@https://registry.npmjs.org/fluent-ffmpeg/-/fluent-ffmpeg-2.1.3.tgz. Extracting by manifest.
2220 silly tarball no local data for chalk@https://registry.npmjs.org/chalk/-/chalk-4.1.2.tgz. Extracting by manifest.
2221 silly tarball no local data for sharp@https://registry.npmjs.org/sharp/-/sharp-0.35.4.tgz. Extracting by manifest.
2222 silly tarball no local data for axios@https://registry.npmjs.org/axios/-/axios-1.20.0.tgz. Extracting by manifest.
2223 silly tarball no local data for entities@https://registry.npmjs.org/entities/-/entities-6.0.1.tgz. Extracting by manifest.
2224 silly tarball no local data for @hapi/boom@https://registry.npmjs.org/@hapi/boom/-/boom-10.0.1.tgz. Extracting by manifest.
2225 silly tarball no local data for entities@https://registry.npmjs.org/entities/-/entities-7.0.1.tgz. Extracting by manifest.
2226 silly tarball no local data for ansi-regex@https://registry.npmjs.org/ansi-regex/-/ansi-regex-3.0.1.tgz. Extracting by manifest.
2227 silly tarball no local data for strip-ansi@https://registry.npmjs.org/strip-ansi/-/strip-ansi-4.0.0.tgz. Extracting by manifest.
2228 silly tarball no local data for string-width@https://registry.npmjs.org/string-width/-/string-width-2.1.1.tgz. Extracting by manifest.
2229 silly tarball no local data for string-width@https://registry.npmjs.org/string-width/-/string-width-7.2.0.tgz. Extracting by manifest.
2230 silly tarball no local data for ansi-styles@https://registry.npmjs.org/ansi-styles/-/ansi-styles-6.2.3.tgz. Extracting by manifest.
2231 silly tarball no local data for string-width@https://registry.npmjs.org/string-width/-/string-width-7.2.0.tgz. Extracting by manifest.
2232 silly tarball no local data for real-require@https://registry.npmjs.org/real-require/-/real-require-1.0.0.tgz. Extracting by manifest.
2233 silly tarball no local data for pngjs@https://registry.npmjs.org/pngjs/-/pngjs-6.0.0.tgz. Extracting by manifest.
2234 silly tarball no local data for is-fullwidth-code-point@https://registry.npmjs.org/is-fullwidth-code-point/-/is-fullwidth-code-point-3.0.0.tgz. Extracting by manifest.
2235 silly tarball no local data for hookified@https://registry.npmjs.org/hookified/-/hookified-2.2.0.tgz. Extracting by manifest.
2236 silly tarball no local data for wrap-ansi@https://registry.npmjs.org/wrap-ansi/-/wrap-ansi-6.2.0.tgz. Extracting by manifest.
2237 silly tarball no local data for ansi-regex@https://registry.npmjs.org/ansi-regex/-/ansi-regex-5.0.1.tgz. Extracting by manifest.
2238 silly tarball no local data for emoji-regex@https://registry.npmjs.org/emoji-regex/-/emoji-regex-8.0.0.tgz. Extracting by manifest.
2239 silly tarball no local data for yargs-parser@https://registry.npmjs.org/yargs-parser/-/yargs-parser-18.1.3.tgz. Extracting by manifest.
2240 silly tarball no local data for strip-ansi@https://registry.npmjs.org/strip-ansi/-/strip-ansi-6.0.1.tgz. Extracting by manifest.
2241 silly tarball no local data for string-width@https://registry.npmjs.org/string-width/-/string-width-4.2.3.tgz. Extracting by manifest.
2242 silly tarball no local data for cliui@https://registry.npmjs.org/cliui/-/cliui-6.0.0.tgz. Extracting by manifest.
2243 silly tarball no local data for y18n@https://registry.npmjs.org/y18n/-/y18n-4.0.3.tgz. Extracting by manifest.
2244 silly tarball no local data for yargs@https://registry.npmjs.org/yargs/-/yargs-15.4.1.tgz. Extracting by manifest.
2245 silly tarball no local data for pngjs@https://registry.npmjs.org/pngjs/-/pngjs-5.0.0.tgz. Extracting by manifest.
2246 silly tarball no local data for mime-db@https://registry.npmjs.org/mime-db/-/mime-db-1.52.0.tgz. Extracting by manifest.
2247 silly tarball no local data for mime-types@https://registry.npmjs.org/mime-types/-/mime-types-2.1.35.tgz. Extracting by manifest.
2248 silly tarball no local data for thread-stream@https://registry.npmjs.org/thread-stream/-/thread-stream-3.2.0.tgz. Extracting by manifest.
2249 silly tarball no local data for @hapi/hoek@https://registry.npmjs.org/@hapi/hoek/-/hoek-9.3.0.tgz. Extracting by manifest.
2250 silly tarball no local data for pino-abstract-transport@https://registry.npmjs.org/pino-abstract-transport/-/pino-abstract-transport-2.0.0.tgz. Extracting by manifest.
2251 silly tarball no local data for pino@https://registry.npmjs.org/pino/-/pino-9.14.0.tgz. Extracting by manifest.
2252 silly tarball no local data for @hapi/boom@https://registry.npmjs.org/@hapi/boom/-/boom-9.1.4.tgz. Extracting by manifest.
2253 http fetch POST 200 https://registry.npmjs.org/-/npm/v1/security/advisories/bulk 362ms
2254 silly audit report {
2254 silly audit report   baileys: [
2254 silly audit report     {
2254 silly audit report       id: 1120508,
2254 silly audit report       url: 'https://github.com/advisories/GHSA-qvv5-jq5g-4cgg',
2254 silly audit report       title: 'Baileys has message upsert / hist sync spoofing and app state corruption when using maliciously crafted protocolMessage payload',
2254 silly audit report       severity: 'critical',
2254 silly audit report       vulnerable_versions: '<6.7.22',
2254 silly audit report       cwe: [Array],
2254 silly audit report       cvss: [Object]
2254 silly audit report     }
2254 silly audit report   ],
2254 silly audit report   minimatch: [
2254 silly audit report     {
2254 silly audit report       id: 1113459,
2254 silly audit report       url: 'https://github.com/advisories/GHSA-3ppc-4f35-3m26',
2254 silly audit report       title: 'minimatch has a ReDoS via repeated wildcards with non-matching literal in pattern',
2254 silly audit report       severity: 'high',
2254 silly audit report       vulnerable_versions: '<3.1.3',
2254 silly audit report       cwe: [Array],
2254 silly audit report       cvss: [Object]
2254 silly audit report     },
2254 silly audit report     {
2254 silly audit report       id: 1113538,
2254 silly audit report       url: 'https://github.com/advisories/GHSA-7r86-cg39-jmmj',
2254 silly audit report       title: 'minimatch has ReDoS: matchOne() combinatorial backtracking via multiple non-adjacent GLOBSTAR segments',
2254 silly audit report       severity: 'high',
2254 silly audit report       vulnerable_versions: '<3.1.3',
2254 silly audit report       cwe: [Array],
2254 silly audit report       cvss: [Object]
2254 silly audit report     },
2254 silly audit report     {
2254 silly audit report       id: 1113546,
2254 silly audit report       url: 'https://github.com/advisories/GHSA-23c5-xmqv-rm74',
2254 silly audit report       title: 'minimatch ReDoS: nested *() extglobs generate catastrophically backtracking regular expressions',
2254 silly audit report       severity: 'high',
2254 silly audit report       vulnerable_versions: '<3.1.4',
2254 silly audit report       cwe: [Array],
2254 silly audit report       cvss: [Object]
2254 silly audit report     }
2254 silly audit report   ]
2254 silly audit report }
2255 silly packumentCache corgi:https://registry.npmjs.org/baileys cache-miss
2256 silly packumentCache corgi:https://registry.npmjs.org/minimatch cache-miss
2257 http fetch GET 200 https://registry.npmjs.org/camelcase/-/camelcase-5.3.1.tgz 247ms (cache miss)
2258 http fetch GET 200 https://registry.npmjs.org/signal-exit/-/signal-exit-3.0.7.tgz 242ms (cache miss)
2259 http fetch GET 200 https://registry.npmjs.org/onetime/-/onetime-5.1.2.tgz 304ms (cache miss)
2260 http fetch GET 200 https://registry.npmjs.org/emoji-regex/-/emoji-regex-10.6.0.tgz 305ms (cache miss)
2261 http fetch GET 200 https://registry.npmjs.org/concat-map/-/concat-map-0.0.1.tgz 379ms (cache miss)
2262 http fetch GET 200 https://registry.npmjs.org/p-limit/-/p-limit-2.3.0.tgz 390ms (cache miss)
2263 http fetch GET 200 https://registry.npmjs.org/set-blocking/-/set-blocking-2.0.0.tgz 390ms (cache miss)
2264 http fetch GET 200 https://registry.npmjs.org/require-main-filename/-/require-main-filename-2.0.0.tgz 390ms (cache miss)
2265 http fetch GET 200 https://registry.npmjs.org/find-up/-/find-up-4.1.0.tgz 389ms (cache miss)
2266 http fetch GET 200 https://registry.npmjs.org/is-fullwidth-code-point/-/is-fullwidth-code-point-2.0.0.tgz 388ms (cache miss)
2267 http fetch GET 200 https://registry.npmjs.org/mimic-fn/-/mimic-fn-2.1.0.tgz 389ms (cache miss)
2268 http fetch GET 200 https://registry.npmjs.org/brace-expansion/-/brace-expansion-1.1.18.tgz 387ms (cache miss)
2269 http fetch GET 200 https://registry.npmjs.org/locate-path/-/locate-path-5.0.0.tgz 394ms (cache miss)
2270 http fetch GET 200 https://registry.npmjs.org/p-locate/-/p-locate-4.1.0.tgz 391ms (cache miss)
2271 http fetch GET 200 https://registry.npmjs.org/path-exists/-/path-exists-4.0.0.tgz 396ms (cache miss)
2272 http fetch GET 200 https://registry.npmjs.org/require-directory/-/require-directory-2.1.1.tgz 396ms (cache miss)
2273 http fetch GET 200 https://registry.npmjs.org/p-try/-/p-try-2.2.0.tgz 400ms (cache miss)
2274 http fetch GET 200 https://registry.npmjs.org/which-module/-/which-module-2.0.1.tgz 402ms (cache miss)
2275 http fetch GET 200 https://registry.npmjs.org/decamelize/-/decamelize-1.2.0.tgz 398ms (cache miss)
2276 http fetch GET 200 https://registry.npmjs.org/minimatch/-/minimatch-3.0.8.tgz 406ms (cache miss)
2277 http fetch GET 200 https://registry.npmjs.org/balanced-match/-/balanced-match-1.0.2.tgz 410ms (cache miss)
2278 http fetch GET 200 https://registry.npmjs.org/redstar/-/redstar-0.0.2.tgz 410ms (cache miss)
2279 http fetch GET 200 https://registry.npmjs.org/picocolors/-/picocolors-1.1.1.tgz 416ms (cache miss)
2280 http fetch GET 200 https://registry.npmjs.org/restore-cursor/-/restore-cursor-3.1.0.tgz 426ms (cache miss)
2281 http fetch GET 200 https://registry.npmjs.org/ttys/-/ttys-0.0.3.tgz 430ms (cache miss)
2282 http fetch GET 200 https://registry.npmjs.org/keypress/-/keypress-0.2.1.tgz 483ms (cache miss)
2283 http fetch GET 200 https://registry.npmjs.org/domelementtype/-/domelementtype-2.3.0.tgz 499ms (cache miss)
2284 http fetch GET 200 https://registry.npmjs.org/safer-buffer/-/safer-buffer-2.1.2.tgz 509ms (cache miss)
2285 http fetch GET 200 https://registry.npmjs.org/boolbase/-/boolbase-1.0.0.tgz 511ms (cache miss)
2286 http fetch GET 200 https://registry.npmjs.org/whatwg-encoding/-/whatwg-encoding-3.1.1.tgz 513ms (cache miss)
2287 http fetch GET 200 https://registry.npmjs.org/parse5-htmlparser2-tree-adapter/-/parse5-htmlparser2-tree-adapter-7.1.0.tgz 510ms (cache miss)
2288 warn deprecated whatwg-encoding@3.1.1: Use @exodus/bytes instead for a more spec-conformant and faster implementation
2289 http fetch GET 200 https://registry.npmjs.org/dom-serializer/-/dom-serializer-2.0.0.tgz 537ms (cache miss)
2290 http fetch GET 200 https://registry.npmjs.org/parse5-parser-stream/-/parse5-parser-stream-7.1.2.tgz 570ms (cache miss)
2291 http fetch GET 200 https://registry.npmjs.org/async.util.restparam/-/async.util.restparam-0.5.2.tgz 583ms (cache miss)
2292 http fetch GET 200 https://registry.npmjs.org/async.util.isarray/-/async.util.isarray-0.5.2.tgz 592ms (cache miss)
2293 http fetch GET 200 https://registry.npmjs.org/async.util.keys/-/async.util.keys-0.5.2.tgz 596ms (cache miss)
2294 http fetch GET 200 https://registry.npmjs.org/async.util.once/-/async.util.once-0.5.2.tgz 602ms (cache miss)
2295 http fetch GET 200 https://registry.npmjs.org/async.util.isarraylike/-/async.util.isarraylike-0.5.2.tgz 607ms (cache miss)
2296 http fetch GET 200 https://registry.npmjs.org/async.util.onlyonce/-/async.util.onlyonce-0.5.2.tgz 607ms (cache miss)
2297 http fetch GET 200 https://registry.npmjs.org/async.util.keyiterator/-/async.util.keyiterator-0.5.2.tgz 625ms (cache miss)
2298 http fetch GET 200 https://registry.npmjs.org/async.util.noop/-/async.util.noop-0.5.2.tgz 625ms (cache miss)
2299 http fetch GET 200 https://registry.npmjs.org/whatwg-mimetype/-/whatwg-mimetype-4.0.0.tgz 652ms (cache miss)
2300 http fetch GET 200 https://registry.npmjs.org/async.util.parallel/-/async.util.parallel-0.5.2.tgz 661ms (cache miss)
2301 http fetch GET 200 https://registry.npmjs.org/async.util.eachoflimit/-/async.util.eachoflimit-0.5.2.tgz 662ms (cache miss)
2302 http fetch GET 200 https://registry.npmjs.org/async.parallellimit/-/async.parallellimit-0.5.2.tgz 659ms (cache miss)
2303 http fetch GET 200 https://registry.npmjs.org/ansi-regex/-/ansi-regex-6.3.0.tgz 656ms (cache miss)
2304 http fetch GET 200 https://registry.npmjs.org/human-time/-/human-time-0.0.2.tgz 677ms (cache miss)
2305 http fetch GET 200 https://registry.npmjs.org/boolstring/-/boolstring-2.0.1.tgz 682ms (cache miss)
2306 http fetch GET 200 https://registry.npmjs.org/strip-ansi/-/strip-ansi-7.2.0.tgz 678ms (cache miss)
2307 http fetch GET 200 https://registry.npmjs.org/dasu/-/dasu-0.4.3.tgz 688ms (cache miss)
2308 http fetch GET 200 https://registry.npmjs.org/wrap-ansi/-/wrap-ansi-9.0.2.tgz 682ms (cache miss)
2309 http fetch GET 200 https://registry.npmjs.org/get-east-asian-width/-/get-east-asian-width-1.6.0.tgz 684ms (cache miss)
2310 http fetch GET 200 https://registry.npmjs.org/string-width/-/string-width-8.2.2.tgz 716ms (cache miss)
2311 http fetch GET 200 https://registry.npmjs.org/get-caller-file/-/get-caller-file-2.0.5.tgz 714ms (cache miss)
2312 http fetch GET 200 https://registry.npmjs.org/node-fzf/-/node-fzf-0.14.0.tgz 732ms (cache miss)
2313 http fetch GET 200 https://registry.npmjs.org/webidl-conversions/-/webidl-conversions-3.0.1.tgz 728ms (cache miss)
2314 http fetch GET 200 https://registry.npmjs.org/ieee754/-/ieee754-1.2.1.tgz 728ms (cache miss)
2315 http fetch GET 200 https://registry.npmjs.org/@jsep-plugin/regex/-/regex-1.0.4.tgz 768ms (cache miss)
2316 http fetch GET 200 https://registry.npmjs.org/sax/-/sax-1.6.1.tgz 760ms (cache miss)
2317 http fetch GET 200 https://registry.npmjs.org/isexe/-/isexe-2.0.0.tgz 766ms (cache miss)
2318 http fetch GET 200 https://registry.npmjs.org/@types/tinycolor2/-/tinycolor2-1.4.6.tgz 765ms (cache miss)
2319 http fetch GET 200 https://registry.npmjs.org/xtend/-/xtend-4.0.2.tgz 765ms (cache miss)
2320 http fetch GET 200 https://registry.npmjs.org/escalade/-/escalade-3.2.0.tgz 781ms (cache miss)
2321 http fetch GET 200 https://registry.npmjs.org/has-flag/-/has-flag-4.0.0.tgz 777ms (cache miss)
2322 http fetch GET 200 https://registry.npmjs.org/y18n/-/y18n-5.0.8.tgz 794ms (cache miss)
2323 http fetch GET 200 https://registry.npmjs.org/@jsep-plugin/assignment/-/assignment-1.3.0.tgz 821ms (cache miss)
2324 http fetch GET 200 https://registry.npmjs.org/@protobufjs/pool/-/pool-1.1.0.tgz 805ms (cache miss)
2325 http fetch GET 200 https://registry.npmjs.org/dijkstrajs/-/dijkstrajs-1.0.3.tgz 814ms (cache miss)
2326 http fetch GET 200 https://registry.npmjs.org/detect-libc/-/detect-libc-2.1.2.tgz 834ms (cache miss)
2327 http fetch GET 200 https://registry.npmjs.org/@protobufjs/path/-/path-1.1.2.tgz 831ms (cache miss)
2328 http fetch GET 200 https://registry.npmjs.org/@protobufjs/utf8/-/utf8-1.1.2.tgz 857ms (cache miss)
2329 http fetch GET 200 https://registry.npmjs.org/acorn-walk/-/acorn-walk-7.2.0.tgz 870ms (cache miss)
2330 http fetch GET 200 https://registry.npmjs.org/@protobufjs/eventemitter/-/eventemitter-1.1.1.tgz 865ms (cache miss)
2331 http fetch GET 200 https://registry.npmjs.org/@protobufjs/fetch/-/fetch-1.1.1.tgz 866ms (cache miss)
2332 http fetch GET 200 https://registry.npmjs.org/@protobufjs/float/-/float-1.0.2.tgz 867ms (cache miss)
2333 http fetch GET 200 https://registry.npmjs.org/@protobufjs/codegen/-/codegen-2.0.5.tgz 882ms (cache miss)
2334 http fetch GET 200 https://registry.npmjs.org/cliui/-/cliui-9.0.1.tgz 898ms (cache miss)
2335 http fetch GET 200 https://registry.npmjs.org/tr46/-/tr46-0.0.3.tgz 897ms (cache miss)
2336 http fetch GET 200 https://registry.npmjs.org/quick-format-unescaped/-/quick-format-unescaped-4.0.4.tgz 887ms (cache miss)
2337 http fetch GET 200 https://registry.npmjs.org/split2/-/split2-4.2.0.tgz 889ms (cache miss)
2338 http fetch GET 200 https://registry.npmjs.org/safe-stable-stringify/-/safe-stable-stringify-2.5.0.tgz 887ms (cache miss)
2339 http fetch GET 200 https://registry.npmjs.org/@protobufjs/base64/-/base64-1.1.2.tgz 904ms (cache miss)
2340 http fetch GET 200 https://registry.npmjs.org/jsep/-/jsep-1.4.0.tgz 941ms (cache miss)
2341 http fetch GET 200 https://registry.npmjs.org/real-require/-/real-require-0.2.0.tgz 908ms (cache miss)
2342 http fetch GET 200 https://registry.npmjs.org/@protobufjs/aspromise/-/aspromise-1.1.2.tgz 909ms (cache miss)
2343 http fetch GET 200 https://registry.npmjs.org/domhandler/-/domhandler-5.0.3.tgz 955ms (cache miss)
2344 http fetch GET 200 https://registry.npmjs.org/xml-parse-from-string/-/xml-parse-from-string-1.0.1.tgz 937ms (cache miss)
2345 http fetch GET 200 https://registry.npmjs.org/xml2js/-/xml2js-0.5.0.tgz 938ms (cache miss)
2346 http fetch GET 200 https://registry.npmjs.org/atomic-sleep/-/atomic-sleep-1.0.0.tgz 939ms (cache miss)
2347 http fetch GET 200 https://registry.npmjs.org/p-timeout/-/p-timeout-7.0.1.tgz 954ms (cache miss)
2348 http fetch GET 200 https://registry.npmjs.org/win-guid/-/win-guid-0.2.1.tgz 974ms (cache miss)
2349 http fetch GET 200 https://registry.npmjs.org/whatwg-url/-/whatwg-url-5.0.0.tgz 1002ms (cache miss)
2350 http fetch GET 200 https://registry.npmjs.org/media-typer/-/media-typer-2.0.0.tgz 1001ms (cache miss)
2351 http fetch GET 200 https://registry.npmjs.org/content-type/-/content-type-2.1.0.tgz 1001ms (cache miss)
2352 http fetch GET 200 https://registry.npmjs.org/@img/colour/-/colour-1.1.0.tgz 1022ms (cache miss)
2353 http fetch GET 200 https://registry.npmjs.org/clone/-/clone-2.1.2.tgz 1010ms (cache miss)
2354 http fetch GET 200 https://registry.npmjs.org/@tokenizer/token/-/token-0.3.0.tgz 1008ms (cache miss)
2355 http fetch GET 200 https://registry.npmjs.org/@borewit/text-codec/-/text-codec-0.2.2.tgz 1019ms (cache miss)
2356 http fetch GET 200 https://registry.npmjs.org/uint8array-extras/-/uint8array-extras-1.5.0.tgz 1017ms (cache miss)
2357 http fetch GET 200 https://registry.npmjs.org/curve25519-js/-/curve25519-js-0.0.4.tgz 1036ms (cache miss)
2358 http fetch GET 200 https://registry.npmjs.org/token-types/-/token-types-6.1.2.tgz 1035ms (cache miss)
2359 http fetch GET 200 https://registry.npmjs.org/@keyv/serialize/-/serialize-1.1.1.tgz 1036ms (cache miss)
2360 http fetch GET 200 https://registry.npmjs.org/yargs-parser/-/yargs-parser-22.0.0.tgz 1072ms (cache miss)
2361 http fetch GET 200 https://registry.npmjs.org/parse-bmfont-xml/-/parse-bmfont-xml-1.1.6.tgz 1077ms (cache miss)
2362 http fetch GET 200 https://registry.npmjs.org/parse-bmfont-binary/-/parse-bmfont-binary-1.0.6.tgz 1083ms (cache miss)
2363 http fetch GET 200 https://registry.npmjs.org/acorn-node/-/acorn-node-1.8.2.tgz 1106ms (cache miss)
2364 http fetch GET 200 https://registry.npmjs.org/parse-bmfont-ascii/-/parse-bmfont-ascii-1.0.6.tgz 1088ms (cache miss)
2365 http fetch GET 200 https://registry.npmjs.org/simple-xml-to-json/-/simple-xml-to-json-1.2.7.tgz 1093ms (cache miss)
2366 http fetch GET 200 https://registry.npmjs.org/any-base/-/any-base-1.1.0.tgz 1091ms (cache miss)
2367 http fetch GET 200 https://codeload.github.com/this-xys/libsignal-node/tar.gz/4d9a6f82d4d06765ab24f5831e686ce78e71f126 917ms (cache miss)
2368 http fetch GET 200 https://registry.npmjs.org/on-exit-leak-free/-/on-exit-leak-free-2.1.2.tgz 1108ms (cache miss)
2369 http fetch GET 200 https://registry.npmjs.org/omggif/-/omggif-1.0.10.tgz 1096ms (cache miss)
2370 http fetch GET 200 https://registry.npmjs.org/eventemitter3/-/eventemitter3-5.0.4.tgz 1111ms (cache miss)
2371 http fetch GET 200 https://registry.npmjs.org/utif2/-/utif2-4.1.0.tgz 1104ms (cache miss)
2372 http fetch GET 200 https://registry.npmjs.org/pixelmatch/-/pixelmatch-5.3.0.tgz 1109ms (cache miss)
2373 http fetch GET 200 https://registry.npmjs.org/minimist/-/minimist-1.2.8.tgz 1153ms (cache miss)
2374 http fetch GET 200 https://registry.npmjs.org/jpeg-js/-/jpeg-js-0.4.4.tgz 1129ms (cache miss)
2375 http fetch GET 200 https://registry.npmjs.org/mime-db/-/mime-db-1.54.0.tgz 1148ms (cache miss)
2376 http fetch GET 200 https://registry.npmjs.org/file-type/-/file-type-21.3.4.tgz 1141ms (cache miss)
2377 silly packumentCache heap:1822162944 maxSize:455540736 maxEntrySize:227770368
2378 http fetch GET 200 https://registry.npmjs.org/@tokenizer/inflate/-/inflate-0.4.1.tgz 1178ms (cache miss)
2379 http fetch GET 200 https://registry.npmjs.org/@jimp/file-ops/-/file-ops-1.6.1.tgz 1173ms (cache miss)
2380 http fetch GET 200 https://registry.npmjs.org/@jimp/types/-/types-1.6.1.tgz 1173ms (cache miss)
2381 http fetch GET 200 https://registry.npmjs.org/nth-check/-/nth-check-2.1.1.tgz 1238ms (cache miss)
2382 http fetch GET 200 https://registry.npmjs.org/@jimp/utils/-/utils-1.6.1.tgz 1189ms (cache miss)
2383 http fetch GET 200 https://registry.npmjs.org/mime/-/mime-3.0.0.tgz 1207ms (cache miss)
2384 http fetch GET 200 https://registry.npmjs.org/@jimp/plugin-mask/-/plugin-mask-1.6.1.tgz 1222ms (cache miss)
2385 http fetch GET 200 https://registry.npmjs.org/pino-abstract-transport/-/pino-abstract-transport-3.0.0.tgz 1255ms (cache miss)
2386 http fetch GET 200 https://registry.npmjs.org/@jimp/plugin-flip/-/plugin-flip-1.6.1.tgz 1267ms (cache miss)
2387 http fetch GET 200 https://registry.npmjs.org/@img/sharp-linux-arm64/-/sharp-linux-arm64-0.35.4.tgz 1321ms (cache miss)
2388 http fetch GET 200 https://registry.npmjs.org/pino-std-serializers/-/pino-std-serializers-7.1.0.tgz 1327ms (cache miss)
2389 http fetch GET 200 https://registry.npmjs.org/@pinojs/redact/-/redact-0.4.0.tgz 1344ms (cache miss)
2390 http fetch GET 200 https://registry.npmjs.org/@jimp/plugin-displace/-/plugin-displace-1.6.1.tgz 1362ms (cache miss)
2391 http fetch GET 200 https://registry.npmjs.org/@jimp/plugin-cover/-/plugin-cover-1.6.1.tgz 1362ms (cache miss)
2392 http fetch GET 200 https://registry.npmjs.org/@jimp/plugin-contain/-/plugin-contain-1.6.1.tgz 1377ms (cache miss)
2393 http fetch GET 200 https://registry.npmjs.org/@jimp/plugin-dither/-/plugin-dither-1.6.1.tgz 1379ms (cache miss)
2394 http fetch GET 200 https://registry.npmjs.org/process-warning/-/process-warning-5.1.0.tgz 1407ms (cache miss)
2395 http fetch GET 200 https://registry.npmjs.org/@jimp/plugin-circle/-/plugin-circle-1.6.1.tgz 1384ms (cache miss)
2396 http fetch GET 200 https://registry.npmjs.org/@jimp/plugin-fisheye/-/plugin-fisheye-1.6.1.tgz 1402ms (cache miss)
2397 http fetch GET 200 https://registry.npmjs.org/cheerio-select/-/cheerio-select-2.1.0.tgz 1461ms (cache miss)
2398 http fetch GET 200 https://registry.npmjs.org/encoding-sniffer/-/encoding-sniffer-0.2.1.tgz 1468ms (cache miss)
2399 http fetch GET 200 https://registry.npmjs.org/@jimp/js-tiff/-/js-tiff-1.6.1.tgz 1454ms (cache miss)
2400 http fetch GET 200 https://registry.npmjs.org/@jimp/js-jpeg/-/js-jpeg-1.6.1.tgz 1478ms (cache miss)
2401 http fetch GET 200 https://registry.npmjs.org/ms/-/ms-2.1.3.tgz 1476ms (cache miss)
2402 http fetch GET 200 https://registry.npmjs.org/sonic-boom/-/sonic-boom-4.2.1.tgz 1507ms (cache miss)
2403 http fetch GET 200 https://registry.npmjs.org/math-intrinsics/-/math-intrinsics-1.1.0.tgz 1507ms (cache miss)
2404 http fetch GET 200 https://registry.npmjs.org/css-what/-/css-what-6.2.2.tgz 1570ms (cache miss)
2405 http fetch GET 200 https://registry.npmjs.org/@jimp/diff/-/diff-1.6.1.tgz 1512ms (cache miss)
2406 http fetch GET 200 https://registry.npmjs.org/@jimp/js-gif/-/js-gif-1.6.1.tgz 1524ms (cache miss)
2407 http fetch GET 200 https://registry.npmjs.org/es-object-atoms/-/es-object-atoms-1.1.2.tgz 1554ms (cache miss)
2408 http fetch GET 200 https://registry.npmjs.org/function-bind/-/function-bind-1.1.2.tgz 1554ms (cache miss)
2409 http fetch GET 200 https://registry.npmjs.org/gopd/-/gopd-1.2.0.tgz 1571ms (cache miss)
2410 http fetch GET 200 https://registry.npmjs.org/tinycolor2/-/tinycolor2-1.6.0.tgz 1593ms (cache miss)
2411 http fetch GET 200 https://registry.npmjs.org/has-symbols/-/has-symbols-1.1.0.tgz 1582ms (cache miss)
2412 http fetch GET 200 https://registry.npmjs.org/es-define-property/-/es-define-property-1.0.1.tgz 1593ms (cache miss)
2413 http fetch GET 200 https://registry.npmjs.org/has-tostringtag/-/has-tostringtag-1.0.2.tgz 1593ms (cache miss)
2414 http fetch GET 200 https://registry.npmjs.org/debug/-/debug-4.4.3.tgz 1598ms (cache miss)
2415 http fetch GET 200 https://registry.npmjs.org/tinygradient/-/tinygradient-1.1.5.tgz 1603ms (cache miss)
2416 http fetch GET 200 https://registry.npmjs.org/call-bind-apply-helpers/-/call-bind-apply-helpers-1.0.2.tgz 1607ms (cache miss)
2417 http fetch GET 200 https://registry.npmjs.org/delayed-stream/-/delayed-stream-1.0.0.tgz 1622ms (cache miss)
2418 http fetch GET 200 https://registry.npmjs.org/es-set-tostringtag/-/es-set-tostringtag-2.1.0.tgz 1619ms (cache miss)
2419 http fetch GET 200 https://registry.npmjs.org/supports-color/-/supports-color-7.2.0.tgz 1630ms (cache miss)
2420 http fetch GET 200 https://registry.npmjs.org/es-errors/-/es-errors-1.3.0.tgz 1635ms (cache miss)
2421 http fetch GET 200 https://registry.npmjs.org/combined-stream/-/combined-stream-1.0.8.tgz 1640ms (cache miss)
2422 http fetch GET 200 https://registry.npmjs.org/which/-/which-1.3.1.tgz 1645ms (cache miss)
2423 http fetch GET 200 https://registry.npmjs.org/hasown/-/hasown-2.0.4.tgz 1662ms (cache miss)
2424 http fetch GET 200 https://registry.npmjs.org/get-proto/-/get-proto-1.0.1.tgz 1667ms (cache miss)
2425 http fetch GET 200 https://registry.npmjs.org/ansi-styles/-/ansi-styles-4.3.0.tgz 1669ms (cache miss)
2426 http fetch GET 200 https://registry.npmjs.org/async/-/async-0.2.10.tgz 1677ms (cache miss)
2427 http fetch GET 200 https://registry.npmjs.org/dunder-proto/-/dunder-proto-1.0.1.tgz 1695ms (cache miss)
2428 http fetch GET 200 https://registry.npmjs.org/get-intrinsic/-/get-intrinsic-1.3.0.tgz 1694ms (cache miss)
2429 http fetch GET 200 https://registry.npmjs.org/color-name/-/color-name-1.1.4.tgz 1692ms (cache miss)
2430 http fetch GET 200 https://registry.npmjs.org/@keyv/bigmap/-/bigmap-1.3.1.tgz 1731ms (cache miss)
2431 http fetch GET 200 https://registry.npmjs.org/color-convert/-/color-convert-2.0.1.tgz 1825ms (cache miss)
2432 http fetch GET 200 https://registry.npmjs.org/proxy-from-env/-/proxy-from-env-2.1.0.tgz 1838ms (cache miss)
2433 http fetch GET 200 https://registry.npmjs.org/async-mutex/-/async-mutex-0.5.0.tgz 1856ms (cache miss)
2434 http fetch GET 200 https://registry.npmjs.org/@hapi/hoek/-/hoek-11.0.7.tgz 1868ms (cache miss)
2435 http fetch GET 200 https://registry.npmjs.org/uuid/-/uuid-14.0.2.tgz 1868ms (cache miss)
2436 http fetch GET 200 https://registry.npmjs.org/@adiwajshing/keyed-db/-/keyed-db-0.2.4.tgz 1876ms (cache miss)
2437 http fetch GET 200 https://registry.npmjs.org/qified/-/qified-0.10.1.tgz 1898ms (cache miss)
2438 http fetch GET 200 https://registry.npmjs.org/follow-redirects/-/follow-redirects-1.16.0.tgz 1895ms (cache miss)
2439 http fetch GET 200 https://registry.npmjs.org/jsonpath-plus/-/jsonpath-plus-10.3.0.tgz 1982ms (cache miss)
2440 http fetch GET 200 https://registry.npmjs.org/yt-search/-/yt-search-2.13.1.tgz 1912ms (cache miss)
2441 http fetch GET 200 https://registry.npmjs.org/syntax-error/-/syntax-error-1.4.0.tgz 1948ms (cache miss)
2442 http fetch GET 200 https://registry.npmjs.org/@cacheable/memory/-/memory-2.2.0.tgz 1971ms (cache miss)
2443 http fetch GET 200 https://registry.npmjs.org/@cacheable/utils/-/utils-2.5.0.tgz 1993ms (cache miss)
2444 http fetch GET 200 https://registry.npmjs.org/human-readable/-/human-readable-0.2.1.tgz 1982ms (cache miss)
2445 http fetch GET 200 https://registry.npmjs.org/agent-base/-/agent-base-6.0.2.tgz 2015ms (cache miss)
2446 http fetch GET 200 https://registry.npmjs.org/@cacheable/node-cache/-/node-cache-1.7.6.tgz 2007ms (cache miss)
2447 http fetch GET 200 https://registry.npmjs.org/mime-types/-/mime-types-3.0.2.tgz 2001ms (cache miss)
2448 http fetch GET 200 https://registry.npmjs.org/gradient-string/-/gradient-string-2.0.2.tgz 2000ms (cache miss)
2449 http fetch GET 200 https://registry.npmjs.org/tslib/-/tslib-2.8.1.tgz 2021ms (cache miss)
2450 http fetch GET 200 https://registry.npmjs.org/http/-/http-0.0.1-security.tgz 2015ms (cache miss)
2451 http fetch GET 200 https://registry.npmjs.org/node-cache/-/node-cache-5.1.2.tgz 2023ms (cache miss)
2452 http fetch GET 200 https://registry.npmjs.org/strip-ansi/-/strip-ansi-4.0.0.tgz 2029ms (cache miss)
2453 http fetch GET 200 https://registry.npmjs.org/ansi-regex/-/ansi-regex-3.0.1.tgz 2039ms (cache miss)
2454 http fetch GET 200 https://registry.npmjs.org/long/-/long-5.3.2.tgz 2067ms (cache miss)
2455 http fetch GET 200 https://registry.npmjs.org/string-width/-/string-width-2.1.1.tgz 2060ms (cache miss)
2456 http fetch GET 200 https://registry.npmjs.org/keyv/-/keyv-5.6.0.tgz 2093ms (cache miss)
2457 http fetch GET 200 https://registry.npmjs.org/@hapi/boom/-/boom-10.0.1.tgz 2083ms (cache miss)
2458 http fetch GET 200 https://registry.npmjs.org/string-width/-/string-width-7.2.0.tgz 2080ms (cache miss)
2459 http fetch GET 200 https://registry.npmjs.org/real-require/-/real-require-1.0.0.tgz 2080ms (cache miss)
2460 http fetch GET 200 https://registry.npmjs.org/chalk/-/chalk-4.1.2.tgz 2086ms (cache miss)
2461 http fetch GET 200 https://registry.npmjs.org/is-fullwidth-code-point/-/is-fullwidth-code-point-3.0.0.tgz 2089ms (cache miss)
2462 http fetch GET 200 https://registry.npmjs.org/wrap-ansi/-/wrap-ansi-6.2.0.tgz 2088ms (cache miss)
2463 http fetch GET 200 https://registry.npmjs.org/node-fetch/-/node-fetch-2.7.0.tgz 2103ms (cache miss)
2464 http fetch GET 200 https://registry.npmjs.org/ansi-styles/-/ansi-styles-6.2.3.tgz 2100ms (cache miss)
2465 http fetch GET 200 https://registry.npmjs.org/form-data/-/form-data-4.0.6.tgz 2110ms (cache miss)
2466 http fetch GET 200 https://registry.npmjs.org/emoji-regex/-/emoji-regex-8.0.0.tgz 2132ms (cache miss)
2467 http fetch GET 200 https://registry.npmjs.org/string-width/-/string-width-7.2.0.tgz 2145ms (cache miss)
2468 http fetch GET 200 https://registry.npmjs.org/string-width/-/string-width-4.2.3.tgz 2142ms (cache miss)
2469 http fetch GET 200 https://registry.npmjs.org/https-proxy-agent/-/https-proxy-agent-5.0.1.tgz 2163ms (cache miss)
2470 http fetch GET 200 https://registry.npmjs.org/readline-sync/-/readline-sync-1.4.10.tgz 2162ms (cache miss)
2471 http fetch GET 200 https://registry.npmjs.org/ansi-regex/-/ansi-regex-5.0.1.tgz 2149ms (cache miss)
2472 http fetch GET 200 https://registry.npmjs.org/y18n/-/y18n-4.0.3.tgz 2151ms (cache miss)
2473 http fetch GET 200 https://registry.npmjs.org/asynckit/-/asynckit-0.4.0.tgz 2187ms (cache miss)
2474 http fetch GET 200 https://registry.npmjs.org/cacheable/-/cacheable-2.5.0.tgz 2184ms (cache miss)
2475 http fetch GET 200 https://registry.npmjs.org/yargs-parser/-/yargs-parser-18.1.3.tgz 2168ms (cache miss)
2476 http fetch GET 200 https://registry.npmjs.org/mime-types/-/mime-types-2.1.35.tgz 2167ms (cache miss)
2477 http fetch GET 200 https://registry.npmjs.org/strip-ansi/-/strip-ansi-6.0.1.tgz 2175ms (cache miss)
2478 http fetch GET 200 https://registry.npmjs.org/cliui/-/cliui-6.0.0.tgz 2185ms (cache miss)
2479 http fetch GET 200 https://registry.npmjs.org/pino-abstract-transport/-/pino-abstract-transport-2.0.0.tgz 2195ms (cache miss)
2480 http fetch GET 200 https://registry.npmjs.org/p-queue/-/p-queue-9.3.3.tgz 2225ms (cache miss)
2481 http fetch GET 200 https://registry.npmjs.org/grapheme-splitter/-/grapheme-splitter-1.0.4.tgz 2222ms (cache miss)
2482 http fetch GET 200 https://registry.npmjs.org/@hapi/boom/-/boom-9.1.4.tgz 2214ms (cache miss)
2483 http fetch GET 200 https://registry.npmjs.org/@hapi/hoek/-/hoek-9.3.0.tgz 2215ms (cache miss)
2484 http fetch GET 200 https://registry.npmjs.org/acorn/-/acorn-7.4.1.tgz 2300ms (cache miss)
2485 http fetch GET 200 https://registry.npmjs.org/@jimp/plugin-rotate/-/plugin-rotate-1.6.1.tgz 2276ms (cache miss)
2486 http fetch GET 200 https://registry.npmjs.org/mime-db/-/mime-db-1.52.0.tgz 2239ms (cache miss)
2487 http fetch GET 200 https://registry.npmjs.org/iconv-lite/-/iconv-lite-0.6.3.tgz 2351ms (cache miss)
2488 http fetch GET 200 https://registry.npmjs.org/xmlbuilder/-/xmlbuilder-11.0.1.tgz 2349ms (cache miss)
2489 http fetch GET 200 https://registry.npmjs.org/baileys 2179ms (cache miss)
2490 silly packumentCache corgi:https://registry.npmjs.org/baileys set size:undefined disposed:false
2491 http fetch GET 200 https://registry.npmjs.org/minimatch 2231ms (cache miss)
2492 silly packumentCache corgi:https://registry.npmjs.org/minimatch set size:undefined disposed:false
2493 http fetch GET 200 https://registry.npmjs.org/exif-parser/-/exif-parser-0.1.12.tgz 2431ms (cache miss)
2494 http fetch GET 200 https://registry.npmjs.org/ws/-/ws-8.21.3.tgz 2429ms (cache miss)
2495 http fetch GET 200 https://registry.npmjs.org/hookified/-/hookified-1.15.1.tgz 2443ms (cache miss)
2496 http fetch GET 200 https://registry.npmjs.org/@jimp/plugin-crop/-/plugin-crop-1.6.1.tgz 2464ms (cache miss)
2497 http fetch GET 200 https://registry.npmjs.org/hashery/-/hashery-1.5.1.tgz 2454ms (cache miss)
2498 http fetch GET 200 https://registry.npmjs.org/pngjs/-/pngjs-7.0.0.tgz 2492ms (cache miss)
2499 silly packumentCache corgi:https://registry.npmjs.org/redstar cache-miss
2500 http fetch GET 200 https://registry.npmjs.org/@jimp/plugin-quantize/-/plugin-quantize-1.6.1.tgz 2547ms (cache miss)
2501 http fetch GET 200 https://registry.npmjs.org/pako/-/pako-1.0.11.tgz 2579ms (cache miss)
2502 http fetch GET 200 https://registry.npmjs.org/node-webpmux/-/node-webpmux-3.2.1.tgz 2517ms (cache miss)
2503 http fetch GET 200 https://registry.npmjs.org/semver/-/semver-7.8.5.tgz 2583ms (cache miss)
2504 http fetch GET 200 https://registry.npmjs.org/@jimp/plugin-threshold/-/plugin-threshold-1.6.1.tgz 2575ms (cache miss)
2505 http fetch GET 200 https://registry.npmjs.org/hookified/-/hookified-2.2.0.tgz 2534ms (cache miss)
2506 http fetch GET 200 https://registry.npmjs.org/qrcode-terminal/-/qrcode-terminal-0.12.0.tgz 2553ms (cache miss)
2507 http fetch GET 200 https://registry.npmjs.org/strtok3/-/strtok3-10.3.5.tgz 2596ms (cache miss)
2508 http fetch GET 200 https://registry.npmjs.org/@jimp/js-bmp/-/js-bmp-1.6.1.tgz 2598ms (cache miss)
2509 http fetch GET 200 https://registry.npmjs.org/@jimp/plugin-hash/-/plugin-hash-1.6.1.tgz 2620ms (cache miss)
2510 http fetch GET 200 https://registry.npmjs.org/htmlparser2/-/htmlparser2-10.1.0.tgz 2681ms (cache miss)
2511 http fetch GET 200 https://registry.npmjs.org/fflate/-/fflate-0.8.3.tgz 2621ms (cache miss)
2512 http fetch GET 200 https://registry.npmjs.org/@jimp/js-png/-/js-png-1.6.1.tgz 2684ms (cache miss)
2513 http fetch GET 200 https://registry.npmjs.org/thread-stream/-/thread-stream-4.2.0.tgz 2718ms (cache miss)
2514 http fetch GET 200 https://registry.npmjs.org/redstar 243ms (cache miss)
2515 silly packumentCache corgi:https://registry.npmjs.org/redstar set size:undefined disposed:false
2516 http fetch GET 200 https://registry.npmjs.org/@types/node/-/node-16.9.1.tgz 2770ms (cache miss)
2517 http fetch GET 200 https://registry.npmjs.org/@jimp/plugin-blur/-/plugin-blur-1.6.1.tgz 2763ms (cache miss)
2518 http fetch GET 200 https://registry.npmjs.org/pngjs/-/pngjs-6.0.0.tgz 2739ms (cache miss)
2519 http fetch GET 200 https://registry.npmjs.org/@jimp/plugin-color/-/plugin-color-1.6.1.tgz 2781ms (cache miss)
2520 silly packumentCache corgi:https://registry.npmjs.org/node-fzf cache-miss
2521 http fetch GET 200 https://registry.npmjs.org/await-to-js/-/await-to-js-3.0.0.tgz 2849ms (cache miss)
2522 http fetch GET 200 https://registry.npmjs.org/bmp-ts/-/bmp-ts-1.0.9.tgz 2864ms (cache miss)
2523 http fetch GET 200 https://registry.npmjs.org/whatsapp-rust-bridge/-/whatsapp-rust-bridge-0.5.5.tgz 2840ms (cache miss)
2524 http fetch GET 200 https://registry.npmjs.org/domutils/-/domutils-3.2.2.tgz 2921ms (cache miss)
2525 http fetch GET 200 https://registry.npmjs.org/@jimp/plugin-blit/-/plugin-blit-1.6.1.tgz 2888ms (cache miss)
2526 http fetch GET 200 https://registry.npmjs.org/qrcode/-/qrcode-1.5.4.tgz 2914ms (cache miss)
2527 http fetch GET 200 https://registry.npmjs.org/thread-stream/-/thread-stream-3.2.0.tgz 2905ms (cache miss)
2528 http fetch GET 200 https://registry.npmjs.org/node-fzf 169ms (cache miss)
2529 silly packumentCache corgi:https://registry.npmjs.org/node-fzf set size:undefined disposed:false
2530 http fetch GET 200 https://registry.npmjs.org/@jimp/plugin-resize/-/plugin-resize-1.6.1.tgz 2995ms (cache miss)
2531 silly packumentCache corgi:https://registry.npmjs.org/yt-search cache-miss
2532 http fetch GET 200 https://registry.npmjs.org/sharp/-/sharp-0.35.4.tgz 3005ms (cache miss)
2533 http fetch GET 200 https://registry.npmjs.org/entities/-/entities-4.5.0.tgz 3111ms (cache miss)
2534 http fetch GET 200 https://registry.npmjs.org/moment-timezone/-/moment-timezone-0.5.48.tgz 3026ms (cache miss)
2535 http fetch GET 200 https://registry.npmjs.org/yargs/-/yargs-18.1.0.tgz 3046ms (cache miss)
2536 http fetch GET 200 https://registry.npmjs.org/yargs/-/yargs-15.4.1.tgz 3058ms (cache miss)
2537 http fetch GET 200 https://registry.npmjs.org/parse5/-/parse5-7.3.0.tgz 3190ms (cache miss)
2538 http fetch GET 200 https://registry.npmjs.org/yt-search 132ms (cache miss)
2539 silly packumentCache corgi:https://registry.npmjs.org/yt-search set size:undefined disposed:false
2540 http fetch GET 200 https://registry.npmjs.org/pngjs/-/pngjs-5.0.0.tgz 3121ms (cache miss)
2541 http fetch GET 200 https://registry.npmjs.org/jimp/-/jimp-1.6.1.tgz 3178ms (cache miss)
2542 http fetch GET 200 https://registry.npmjs.org/@jimp/core/-/core-1.6.1.tgz 3222ms (cache miss)
2543 http fetch GET 200 https://registry.npmjs.org/css-select/-/css-select-5.2.2.tgz 3374ms (cache miss)
2544 http fetch GET 200 https://registry.npmjs.org/entities/-/entities-6.0.1.tgz 3291ms (cache miss)
2545 http fetch GET 200 https://registry.npmjs.org/protobufjs/-/protobufjs-7.6.6.tgz 3318ms (cache miss)
2546 http fetch GET 200 https://registry.npmjs.org/axios/-/axios-1.20.0.tgz 3368ms (cache miss)
2547 http fetch GET 200 https://registry.npmjs.org/entities/-/entities-7.0.1.tgz 3414ms (cache miss)
2548 http fetch GET 200 https://registry.npmjs.org/lru-cache/-/lru-cache-11.5.2.tgz 3502ms (cache miss)
2549 http fetch GET 200 https://registry.npmjs.org/gifwrap/-/gifwrap-0.10.1.tgz 3549ms (cache miss)
2550 http fetch GET 200 https://registry.npmjs.org/pino/-/pino-10.3.1.tgz 3577ms (cache miss)
2551 http fetch GET 200 https://registry.npmjs.org/pino/-/pino-9.14.0.tgz 3588ms (cache miss)
2552 http fetch GET 200 https://registry.npmjs.org/@jimp/plugin-print/-/plugin-print-1.6.1.tgz 3680ms (cache miss)
2553 http fetch GET 200 https://registry.npmjs.org/music-metadata/-/music-metadata-11.15.0.tgz 3661ms (cache miss)
2554 http fetch GET 200 https://registry.npmjs.org/image-q/-/image-q-4.0.0.tgz 3703ms (cache miss)
2555 http fetch GET 200 https://registry.npmjs.org/undici/-/undici-7.29.1.tgz 3773ms (cache miss)
2556 http fetch GET 200 https://registry.npmjs.org/cheerio/-/cheerio-1.2.0.tgz 3803ms (cache miss)
2557 http fetch GET 200 https://codeload.github.com/CheirZ/bail/tar.gz/22c878f7ee6670a5e7155e7c04d95d2d500845a0 3597ms (cache miss)
2558 http fetch GET 200 https://registry.npmjs.org/@img/sharp-libvips-linux-arm64/-/sharp-libvips-linux-arm64-1.3.3.tgz 3803ms (cache miss)
2559 http fetch GET 200 https://registry.npmjs.org/fluent-ffmpeg/-/fluent-ffmpeg-2.1.3.tgz 3773ms (cache miss)
2560 warn deprecated fluent-ffmpeg@2.1.3: Package no longer supported. Contact Support at https://www.npmjs.com/support for more info.
2561 http fetch GET 200 https://registry.npmjs.org/moment/-/moment-2.30.1.tgz 3997ms (cache miss)
2562 http fetch GET 200 https://registry.npmjs.org/zod/-/zod-3.25.76.tgz 4111ms (cache miss)
2563 silly packumentCache heap:1822162944 maxSize:455540736 maxEntrySize:227770368
2564 info run baileys@1.0.0 preinstall node_modules/baileys node ./engine-requirements.js
2565 info run baileys@1.0.0 preinstall { code: 0, signal: null }
2566 info run protobufjs@7.6.6 postinstall node_modules/protobufjs node scripts/postinstall
2567 info run protobufjs@7.6.6 postinstall { code: 0, signal: null }
2568 silly ADD node_modules/camelcase
2569 silly ADD node_modules/p-try
2570 silly ADD node_modules/p-limit
2571 silly ADD node_modules/p-locate
2572 silly ADD node_modules/path-exists
2573 silly ADD node_modules/locate-path
2574 silly ADD node_modules/which-module
2575 silly ADD node_modules/set-blocking
2576 silly ADD node_modules/require-main-filename
2577 silly ADD node_modules/require-directory
2578 silly ADD node_modules/find-up
2579 silly ADD node_modules/decamelize
2580 silly ADD node_modules/is-fullwidth-code-point
2581 silly ADD node_modules/emoji-regex
2582 silly ADD node_modules/mimic-fn
2583 silly ADD node_modules/signal-exit
2584 silly ADD node_modules/onetime
2585 silly ADD node_modules/concat-map
2586 silly ADD node_modules/balanced-match
2587 silly ADD node_modules/brace-expansion
2588 silly ADD node_modules/minimatch
2589 silly ADD node_modules/ttys
2590 silly ADD node_modules/restore-cursor
2591 silly ADD node_modules/redstar
2592 silly ADD node_modules/picocolors
2593 silly ADD node_modules/keypress
2594 silly ADD node_modules/@jsep-plugin/regex
2595 silly ADD node_modules/jsep
2596 silly ADD node_modules/@jsep-plugin/assignment
2597 silly ADD node_modules/safer-buffer
2598 silly ADD node_modules/whatwg-encoding
2599 silly ADD node_modules/iconv-lite
2600 silly ADD node_modules/entities
2601 silly ADD node_modules/nth-check
2602 silly ADD node_modules/domelementtype
2603 silly ADD node_modules/css-what
2604 silly ADD node_modules/css-select
2605 silly ADD node_modules/boolbase
2606 silly ADD node_modules/whatwg-mimetype
2607 silly ADD node_modules/undici
2608 silly ADD node_modules/parse5-parser-stream
2609 silly ADD node_modules/parse5-htmlparser2-tree-adapter
2610 silly ADD node_modules/parse5
2611 silly ADD node_modules/parse5/node_modules/entities
2612 silly ADD node_modules/htmlparser2
2613 silly ADD node_modules/htmlparser2/node_modules/entities
2614 silly ADD node_modules/encoding-sniffer
2615 silly ADD node_modules/domutils
2616 silly ADD node_modules/domhandler
2617 silly ADD node_modules/dom-serializer
2618 silly ADD node_modules/cheerio-select
2619 silly ADD node_modules/async.util.restparam
2620 silly ADD node_modules/async.util.isarray
2621 silly ADD node_modules/async.util.keys
2622 silly ADD node_modules/async.util.isarraylike
2623 silly ADD node_modules/async.util.onlyonce
2624 silly ADD node_modules/async.util.once
2625 silly ADD node_modules/async.util.noop
2626 silly ADD node_modules/async.util.keyiterator
2627 silly ADD node_modules/async.util.parallel
2628 silly ADD node_modules/async.util.eachoflimit
2629 silly ADD node_modules/node-fzf
2630 silly ADD node_modules/node-fzf/node_modules/ansi-regex
2631 silly ADD node_modules/node-fzf/node_modules/strip-ansi
2632 silly ADD node_modules/node-fzf/node_modules/string-width
2633 silly ADD node_modules/minimist
2634 silly ADD node_modules/jsonpath-plus
2635 silly ADD node_modules/human-time
2636 silly ADD node_modules/dasu
2637 silly ADD node_modules/cheerio
2638 silly ADD node_modules/boolstring
2639 silly ADD node_modules/async.parallellimit
2640 silly ADD node_modules/ansi-regex
2641 silly ADD node_modules/get-east-asian-width
2642 silly ADD node_modules/wrap-ansi
2643 silly ADD node_modules/wrap-ansi/node_modules/string-width
2644 silly ADD node_modules/wrap-ansi/node_modules/ansi-styles
2645 silly ADD node_modules/strip-ansi
2646 silly ADD node_modules/yargs-parser
2647 silly ADD node_modules/y18n
2648 silly ADD node_modules/string-width
2649 silly ADD node_modules/get-caller-file
2650 silly ADD node_modules/escalade
2651 silly ADD node_modules/cliui
2652 silly ADD node_modules/cliui/node_modules/string-width
2653 silly ADD node_modules/xmlbuilder
2654 silly ADD node_modules/sax
2655 silly ADD node_modules/isexe
2656 silly ADD node_modules/webidl-conversions
2657 silly ADD node_modules/tr46
2658 silly ADD node_modules/pako
2659 silly ADD node_modules/ieee754
2660 silly ADD node_modules/@types/tinycolor2
2661 silly ADD node_modules/xtend
2662 silly ADD node_modules/acorn-walk
2663 silly ADD node_modules/acorn
2664 silly ADD node_modules/acorn-node
2665 silly ADD node_modules/has-flag
2666 silly ADD node_modules/semver
2667 silly ADD node_modules/detect-libc
2668 silly ADD node_modules/@img/sharp-linux-arm64
2669 silly ADD node_modules/@img/sharp-libvips-linux-arm64
2670 silly ADD node_modules/@img/colour
2671 silly ADD node_modules/dijkstrajs
2672 silly ADD node_modules/@protobufjs/utf8
2673 silly ADD node_modules/@protobufjs/pool
2674 silly ADD node_modules/@protobufjs/path
2675 silly ADD node_modules/@protobufjs/float
2676 silly ADD node_modules/@protobufjs/fetch
2677 silly ADD node_modules/@protobufjs/eventemitter
2678 silly ADD node_modules/@protobufjs/codegen
2679 silly ADD node_modules/@protobufjs/base64
2680 silly ADD node_modules/@protobufjs/aspromise
2681 silly ADD node_modules/split2
2682 silly ADD node_modules/thread-stream
2683 silly ADD node_modules/thread-stream/node_modules/real-require
2684 silly ADD node_modules/sonic-boom
2685 silly ADD node_modules/safe-stable-stringify
2686 silly ADD node_modules/real-require
2687 silly ADD node_modules/quick-format-unescaped
2688 silly ADD node_modules/process-warning
2689 silly ADD node_modules/pino-std-serializers
2690 silly ADD node_modules/pino-abstract-transport
2691 silly ADD node_modules/on-exit-leak-free
2692 silly ADD node_modules/atomic-sleep
2693 silly ADD node_modules/@pinojs/redact
2694 silly ADD node_modules/xml2js
2695 silly ADD node_modules/xml-parse-from-string
2696 silly ADD node_modules/p-timeout
2697 silly ADD node_modules/eventemitter3
2698 silly ADD node_modules/whatwg-url
2699 silly ADD node_modules/clone
2700 silly ADD node_modules/win-guid
2701 silly ADD node_modules/media-typer
2702 silly ADD node_modules/content-type
2703 silly ADD node_modules/@tokenizer/token
2704 silly ADD node_modules/@borewit/text-codec
2705 silly ADD node_modules/mime-db
2706 silly ADD node_modules/curve25519-js
2707 silly ADD node_modules/@keyv/serialize
2708 silly ADD node_modules/@types/node
2709 silly ADD node_modules/uint8array-extras
2710 silly ADD node_modules/token-types
2711 silly ADD node_modules/strtok3
2712 silly ADD node_modules/@tokenizer/inflate
2713 silly ADD node_modules/image-q
2714 silly ADD node_modules/simple-xml-to-json
2715 silly ADD node_modules/parse-bmfont-xml
2716 silly ADD node_modules/parse-bmfont-binary
2717 silly ADD node_modules/parse-bmfont-ascii
2718 silly ADD node_modules/any-base
2719 silly ADD node_modules/tinycolor2
2720 silly ADD node_modules/zod
2721 silly ADD node_modules/utif2
2722 silly ADD node_modules/pngjs
2723 silly ADD node_modules/jpeg-js
2724 silly ADD node_modules/omggif
2725 silly ADD node_modules/gifwrap
2726 silly ADD node_modules/bmp-ts
2727 silly ADD node_modules/pixelmatch
2728 silly ADD node_modules/pixelmatch/node_modules/pngjs
2729 silly ADD node_modules/mime
2730 silly ADD node_modules/file-type
2731 silly ADD node_modules/exif-parser
2732 silly ADD node_modules/await-to-js
2733 silly ADD node_modules/@jimp/file-ops
2734 silly ADD node_modules/@jimp/utils
2735 silly ADD node_modules/@jimp/types
2736 silly ADD node_modules/@jimp/plugin-threshold
2737 silly ADD node_modules/@jimp/plugin-rotate
2738 silly ADD node_modules/@jimp/plugin-resize
2739 silly ADD node_modules/@jimp/plugin-quantize
2740 silly ADD node_modules/@jimp/plugin-print
2741 silly ADD node_modules/@jimp/plugin-mask
2742 silly ADD node_modules/@jimp/plugin-hash
2743 silly ADD node_modules/@jimp/plugin-flip
2744 silly ADD node_modules/@jimp/plugin-fisheye
2745 silly ADD node_modules/@jimp/plugin-dither
2746 silly ADD node_modules/@jimp/plugin-displace
2747 silly ADD node_modules/@jimp/plugin-crop
2748 silly ADD node_modules/@jimp/plugin-cover
2749 silly ADD node_modules/@jimp/plugin-contain
2750 silly ADD node_modules/@jimp/plugin-color
2751 silly ADD node_modules/@jimp/plugin-circle
2752 silly ADD node_modules/@jimp/plugin-blur
2753 silly ADD node_modules/@jimp/plugin-blit
2754 silly ADD node_modules/@jimp/js-tiff
2755 silly ADD node_modules/@jimp/js-png
2756 silly ADD node_modules/@jimp/js-jpeg
2757 silly ADD node_modules/@jimp/js-gif
2758 silly ADD node_modules/@jimp/js-bmp
2759 silly ADD node_modules/@jimp/diff
2760 silly ADD node_modules/@jimp/core
2761 silly ADD node_modules/ms
2762 silly ADD node_modules/debug
2763 silly ADD node_modules/agent-base
2764 silly ADD node_modules/tinygradient
2765 silly ADD node_modules/dunder-proto
2766 silly ADD node_modules/math-intrinsics
2767 silly ADD node_modules/has-symbols
2768 silly ADD node_modules/gopd
2769 silly ADD node_modules/get-proto
2770 silly ADD node_modules/function-bind
2771 silly ADD node_modules/es-object-atoms
2772 silly ADD node_modules/es-define-property
2773 silly ADD node_modules/call-bind-apply-helpers
2774 silly ADD node_modules/has-tostringtag
2775 silly ADD node_modules/get-intrinsic
2776 silly ADD node_modules/es-errors
2777 silly ADD node_modules/delayed-stream
2778 silly ADD node_modules/hasown
2779 silly ADD node_modules/es-set-tostringtag
2780 silly ADD node_modules/combined-stream
2781 silly ADD node_modules/asynckit
2782 silly ADD node_modules/which
2783 silly ADD node_modules/async
2784 silly ADD node_modules/color-name
2785 silly ADD node_modules/color-convert
2786 silly ADD node_modules/supports-color
2787 silly ADD node_modules/ansi-styles
2788 silly ADD node_modules/hashery
2789 silly ADD node_modules/@keyv/bigmap
2790 silly ADD node_modules/qified
2791 silly ADD node_modules/qified/node_modules/hookified
2792 silly ADD node_modules/@cacheable/utils
2793 silly ADD node_modules/@cacheable/memory
2794 silly ADD node_modules/tslib
2795 silly ADD node_modules/keyv
2796 silly ADD node_modules/hookified
2797 silly ADD node_modules/cacheable
2798 silly ADD node_modules/ws
2799 silly ADD node_modules/whatsapp-rust-bridge
2800 silly ADD node_modules/protobufjs
2801 silly ADD node_modules/p-queue
2802 silly ADD node_modules/music-metadata
2803 silly ADD node_modules/lru-cache
2804 silly ADD node_modules/long
2805 silly ADD node_modules/libsignal
2806 silly ADD node_modules/fflate
2807 silly ADD node_modules/async-mutex
2808 silly ADD node_modules/@cacheable/node-cache
2809 silly ADD node_modules/@adiwajshing/keyed-db
2810 silly ADD node_modules/proxy-from-env
2811 silly ADD node_modules/https-proxy-agent
2812 silly ADD node_modules/follow-redirects
2813 silly ADD node_modules/@hapi/hoek
2814 silly ADD node_modules/yt-search
2815 silly ADD node_modules/yargs
2816 silly ADD node_modules/uuid
2817 silly ADD node_modules/syntax-error
2818 silly ADD node_modules/readline-sync
2819 silly ADD node_modules/qrcode-terminal
2820 silly ADD node_modules/qrcode
2821 silly ADD node_modules/qrcode/node_modules/ansi-regex
2822 silly ADD node_modules/qrcode/node_modules/is-fullwidth-code-point
2823 silly ADD node_modules/qrcode/node_modules/emoji-regex
2824 silly ADD node_modules/qrcode/node_modules/wrap-ansi
2825 silly ADD node_modules/qrcode/node_modules/strip-ansi
2826 silly ADD node_modules/qrcode/node_modules/yargs-parser
2827 silly ADD node_modules/qrcode/node_modules/y18n
2828 silly ADD node_modules/qrcode/node_modules/string-width
2829 silly ADD node_modules/qrcode/node_modules/cliui
2830 silly ADD node_modules/qrcode/node_modules/yargs
2831 silly ADD node_modules/qrcode/node_modules/pngjs
2832 silly ADD node_modules/pino
2833 silly ADD node_modules/node-webpmux
2834 silly ADD node_modules/node-fetch
2835 silly ADD node_modules/node-cache
2836 silly ADD node_modules/moment-timezone
2837 silly ADD node_modules/moment
2838 silly ADD node_modules/mime-types
2839 silly ADD node_modules/jimp
2840 silly ADD node_modules/human-readable
2841 silly ADD node_modules/http
2842 silly ADD node_modules/grapheme-splitter
2843 silly ADD node_modules/gradient-string
2844 silly ADD node_modules/form-data
2845 silly ADD node_modules/form-data/node_modules/mime-db
2846 silly ADD node_modules/form-data/node_modules/mime-types
2847 silly ADD node_modules/fluent-ffmpeg
2848 silly ADD node_modules/chalk
2849 silly ADD node_modules/sharp
2850 silly ADD node_modules/baileys
2851 silly ADD node_modules/baileys/node_modules/thread-stream
2852 silly ADD node_modules/baileys/node_modules/pino-abstract-transport
2853 silly ADD node_modules/baileys/node_modules/@hapi/hoek
2854 silly ADD node_modules/baileys/node_modules/pino
2855 silly ADD node_modules/baileys/node_modules/@hapi/boom
2856 silly ADD node_modules/axios
2857 silly ADD node_modules/@hapi/boom
2858 warn allow-scripts 2 packages have install scripts not yet covered by allowScripts:
2858 warn allow-scripts   baileys@1.0.0 (preinstall: node ./engine-requirements.js)
2858 warn allow-scripts   protobufjs@7.6.6 (postinstall: node scripts/postinstall)
2858 warn allow-scripts
2858 warn allow-scripts Run `npm install-scripts ls` to review, or `npm install-scripts approve <pkg>` to allow.
2859 verbose cwd /home/container
2860 verbose os Linux 6.17.0-1018-azure
2861 verbose node v23.11.1
2862 verbose npm  v11.18.0
2863 notice
2863 notice New [33mminor[39m version of npm available! [33m11.18.0[39m -> [34m11.19.1[39m
2863 notice Changelog: [34mhttps://github.com/npm/cli/releases/tag/v11.19.1[39m
2863 notice To update run: [4mnpm install -g npm@11.19.1[24m
2863 notice  { force: true, [Symbol(proc-log.meta)]: true }
2864 verbose exit 0
2865 info ok
